"id","link","createdAt","updatedAt","IdProducto","dimension","key","folio","height","width"
719,"https://bull-imagenes.s3.amazonaws.com/tryadd-portadas/portadas-id-19-nombre-0-400-400.png","2019-01-20 18:03:17","2019-01-22 01:58:11",19,"400x400","400_19.png",63521,400,400
694,"https://azulejos-portadas.s3.us-east-2.amazonaws.com/694.jpg","2018-07-26 22:18:19","2019-01-22 01:58:11",1852,"400x400","400_1852.png",14295,400,400
693,"https://azulejos-portadas.s3.us-east-2.amazonaws.com/693.jpg","2018-07-26 22:03:09","2019-01-22 01:58:11",1849,"400x400","400_1849.png",98657,400,400
692,"https://azulejos-portadas.s3.us-east-2.amazonaws.com/692.jpg","2018-07-26 21:39:19","2019-01-22 01:58:11",1857,"400x400","400_1857.png",83217,400,400
688,"https://azulejos-portadas.s3.us-east-2.amazonaws.com/688.jpg","2018-07-26 18:35:58","2019-01-22 01:58:11",3156,"400x400","400_3156.png",80840,400,400
687,"https://azulejos-portadas.s3.us-east-2.amazonaws.com/687.jpg","2018-07-26 18:31:32","2019-01-22 01:58:11",1901,"400x400","400_1901.png",49411,400,400
685,"https://azulejos-portadas.s3.us-east-2.amazonaws.com/685.jpg","2018-07-26 18:21:56","2019-01-22 01:58:11",3042,"400x400","400_3042.png",90218,400,400
684,"https://azulejos-portadas.s3.us-east-2.amazonaws.com/684.jpg","2018-07-26 18:04:04","2019-01-22 01:58:11",7632,"400x400","400_7632.png",98449,400,400
683,"https://azulejos-portadas.s3.us-east-2.amazonaws.com/683.jpg","2018-07-26 18:02:30","2019-01-22 01:58:11",978,"400x400","400_978.png",35267,400,400
682,"https://azulejos-portadas.s3.us-east-2.amazonaws.com/682.jpg","2018-07-26 17:55:21","2019-01-22 01:58:11",7631,"400x400","400_7631.png",98500,400,400
681,"https://azulejos-portadas.s3.us-east-2.amazonaws.com/681.jpg","2018-07-26 17:52:17","2019-01-22 01:58:11",1725,"400x400","400_1725.png",46471,400,400
641,"https://azulejos-portadas.s3.us-east-2.amazonaws.com/641.jpg","2018-07-23 22:12:52","2019-01-22 01:58:11",944,"400x400","400_944.png",26778,400,400
640,"https://azulejos-portadas.s3.us-east-2.amazonaws.com/640.jpg","2018-07-23 22:12:15","2019-01-22 01:58:11",947,"400x400","400_947.png",87524,400,400
638,"https://azulejos-portadas.s3.us-east-2.amazonaws.com/638.jpg","2018-07-23 22:10:40","2019-01-22 01:58:11",952,"400x400","400_952.png",36228,400,400
637,"https://azulejos-portadas.s3.us-east-2.amazonaws.com/637.jpg","2018-07-23 22:09:20","2019-01-22 01:58:11",873,"400x400","400_873.png",97897,400,400
636,"https://azulejos-portadas.s3.us-east-2.amazonaws.com/636.jpg","2018-07-23 22:08:52","2019-01-22 01:58:11",871,"400x400","400_871.png",72241,400,400
635,"https://azulejos-portadas.s3.us-east-2.amazonaws.com/635.jpg","2018-07-23 22:08:04","2019-01-22 01:58:11",874,"400x400","400_874.png",4875,400,400
634,"https://azulejos-portadas.s3.us-east-2.amazonaws.com/634.jpg","2018-07-23 22:07:15","2019-01-22 01:58:11",872,"400x400","400_872.png",21486,400,400
633,"https://azulejos-portadas.s3.us-east-2.amazonaws.com/633.jpg","2018-07-23 22:01:58","2019-01-22 01:58:11",870,"400x400","400_870.png",33410,400,400
632,"https://azulejos-portadas.s3.us-east-2.amazonaws.com/632.jpg","2018-07-23 22:01:11","2019-01-22 01:58:11",804,"400x400","400_804.png",1146,400,400
631,"https://azulejos-portadas.s3.us-east-2.amazonaws.com/631.jpg","2018-07-23 22:00:37","2019-01-22 01:58:11",894,"400x400","400_894.png",56991,400,400
628,"https://azulejos-portadas.s3.us-east-2.amazonaws.com/628.jpg","2018-07-23 21:58:17","2019-01-22 01:58:11",881,"400x400","400_881.png",61708,400,400
621,"https://azulejos-portadas.s3.us-east-2.amazonaws.com/621.jpg","2018-07-23 21:39:36","2019-01-22 01:58:11",961,"400x400","400_961.png",64208,400,400
620,"https://azulejos-portadas.s3.us-east-2.amazonaws.com/620.jpg","2018-07-23 21:38:58","2019-01-22 01:58:11",989,"400x400","400_989.png",12335,400,400
619,"https://azulejos-portadas.s3.us-east-2.amazonaws.com/619.jpg","2018-07-23 21:38:21","2019-01-22 01:58:11",869,"400x400","400_869.png",67799,400,400
618,"https://azulejos-portadas.s3.us-east-2.amazonaws.com/618.jpg","2018-07-23 21:37:27","2019-01-22 01:58:11",930,"400x400","400_930.png",59060,400,400
617,"https://azulejos-portadas.s3.us-east-2.amazonaws.com/617.jpg","2018-07-23 21:36:54","2019-01-22 01:58:11",857,"400x400","400_857.png",23843,400,400
614,"https://azulejos-portadas.s3.us-east-2.amazonaws.com/614.jpg","2018-07-23 21:34:37","2019-01-22 01:58:11",1142,"400x400","400_1142.png",62543,400,400
613,"https://azulejos-portadas.s3.us-east-2.amazonaws.com/613.jpg","2018-07-23 21:33:52","2019-01-22 01:58:11",976,"400x400","400_976.png",2033,400,400
612,"https://azulejos-portadas.s3.us-east-2.amazonaws.com/612.jpg","2018-07-23 21:32:57","2019-01-22 01:58:11",933,"400x400","400_933.png",32084,400,400
611,"https://azulejos-portadas.s3.us-east-2.amazonaws.com/611.jpg","2018-07-23 21:28:20","2019-01-22 01:58:11",932,"400x400","400_932.png",65622,400,400
610,"https://azulejos-portadas.s3.us-east-2.amazonaws.com/610.jpg","2018-07-23 21:19:34","2019-01-22 01:58:11",948,"400x400","400_948.png",52567,400,400
609,"https://azulejos-portadas.s3.us-east-2.amazonaws.com/609.jpg","2018-07-23 21:19:13","2019-01-22 01:58:11",972,"400x400","400_972.png",4468,400,400
608,"https://azulejos-portadas.s3.us-east-2.amazonaws.com/608.jpg","2018-07-23 21:15:03","2019-01-22 01:58:11",985,"400x400","400_985.png",12415,400,400
607,"https://azulejos-portadas.s3.us-east-2.amazonaws.com/607.jpg","2018-07-23 21:12:24","2019-01-22 01:58:11",997,"400x400","400_997.png",35946,400,400
606,"https://azulejos-portadas.s3.us-east-2.amazonaws.com/606.jpg","2018-07-23 21:11:46","2019-01-22 01:58:11",3103,"400x400","400_3103.png",98967,400,400
605,"https://azulejos-portadas.s3.us-east-2.amazonaws.com/605.jpg","2018-07-23 21:11:04","2019-01-22 01:58:11",929,"400x400","400_929.png",8450,400,400
604,"https://azulejos-portadas.s3.us-east-2.amazonaws.com/604.jpg","2018-07-23 20:58:50","2019-01-22 01:58:11",363,"400x400","400_363.png",60266,400,400
603,"https://azulejos-portadas.s3.us-east-2.amazonaws.com/603.jpg","2018-07-23 20:57:08","2019-01-22 01:58:11",922,"400x400","400_922.png",82525,400,400
602,"https://azulejos-portadas.s3.us-east-2.amazonaws.com/602.jpg","2018-07-23 18:45:35","2019-01-22 01:58:11",925,"400x400","400_925.png",42419,400,400
601,"https://azulejos-portadas.s3.us-east-2.amazonaws.com/601.jpg","2018-07-23 18:44:55","2019-01-22 01:58:11",931,"400x400","400_931.png",74594,400,400
599,"https://azulejos-portadas.s3.us-east-2.amazonaws.com/599.jpg","2018-07-23 18:42:32","2019-01-22 01:58:11",927,"400x400","400_927.png",91860,400,400
598,"https://azulejos-portadas.s3.us-east-2.amazonaws.com/598.jpg","2018-07-23 18:40:29","2019-01-22 01:58:11",979,"400x400","400_979.png",7683,400,400
597,"https://azulejos-portadas.s3.us-east-2.amazonaws.com/597.jpg","2018-07-23 18:39:43","2019-01-22 01:58:11",977,"400x400","400_977.png",55270,400,400
596,"https://azulejos-portadas.s3.us-east-2.amazonaws.com/596.jpg","2018-07-23 18:39:07","2019-01-22 01:58:11",975,"400x400","400_975.png",91095,400,400
595,"https://azulejos-portadas.s3.us-east-2.amazonaws.com/595.jpg","2018-07-23 18:26:52","2019-01-22 01:58:11",908,"400x400","400_908.png",4992,400,400
594,"https://azulejos-portadas.s3.us-east-2.amazonaws.com/594.jpg","2018-07-23 18:17:03","2019-01-22 01:58:11",909,"400x400","400_909.png",62997,400,400
593,"https://azulejos-portadas.s3.us-east-2.amazonaws.com/593.jpg","2018-07-23 18:10:29","2019-01-22 01:58:11",967,"400x400","400_967.png",17276,400,400
592,"https://azulejos-portadas.s3.us-east-2.amazonaws.com/592.jpg","2018-07-23 18:09:52","2019-01-22 01:58:11",965,"400x400","400_965.png",89702,400,400
591,"https://azulejos-portadas.s3.us-east-2.amazonaws.com/591.jpg","2018-07-23 18:08:55","2019-01-22 01:58:11",963,"400x400","400_963.png",48392,400,400
590,"https://azulejos-portadas.s3.us-east-2.amazonaws.com/590.jpg","2018-07-23 18:07:12","2019-01-22 01:58:11",1015,"400x400","400_1015.png",18213,400,400
589,"https://azulejos-portadas.s3.us-east-2.amazonaws.com/589.jpg","2018-07-23 18:06:16","2019-01-22 01:58:11",1016,"400x400","400_1016.png",55667,400,400
587,"https://azulejos-portadas.s3.us-east-2.amazonaws.com/587.jpg","2018-07-23 18:03:20","2019-01-22 01:58:11",1093,"400x400","400_1093.png",28975,400,400
585,"https://azulejos-portadas.s3.us-east-2.amazonaws.com/585.jpg","2018-07-23 17:54:42","2019-01-22 01:58:11",898,"400x400","400_898.png",20867,400,400
583,"https://azulejos-portadas.s3.us-east-2.amazonaws.com/583.jpg","2018-07-23 17:43:43","2019-01-22 01:58:11",899,"400x400","400_899.png",7724,400,400
581,"https://azulejos-portadas.s3.us-east-2.amazonaws.com/581.jpg","2018-07-23 17:42:25","2019-01-22 01:58:11",897,"400x400","400_897.png",68502,400,400
579,"https://azulejos-portadas.s3.us-east-2.amazonaws.com/579.jpg","2018-07-23 17:40:58","2019-01-22 01:58:11",959,"400x400","400_959.png",37244,400,400
578,"https://azulejos-portadas.s3.us-east-2.amazonaws.com/578.jpg","2018-07-23 17:40:11","2019-01-22 01:58:11",889,"400x400","400_889.png",12467,400,400
572,"https://azulejos-portadas.s3.us-east-2.amazonaws.com/572.jpg","2018-07-23 17:33:20","2019-01-22 01:58:11",865,"400x400","400_865.png",89565,400,400
571,"https://azulejos-portadas.s3.us-east-2.amazonaws.com/571.jpg","2018-07-23 17:25:22","2019-01-22 01:58:11",853,"400x400","400_853.png",96446,400,400
567,"https://azulejos-portadas.s3.us-east-2.amazonaws.com/567.jpg","2018-07-23 17:04:36","2019-01-22 01:58:11",1003,"400x400","400_1003.png",81291,400,400
566,"https://azulejos-portadas.s3.us-east-2.amazonaws.com/566.jpg","2018-07-23 16:42:50","2019-01-22 01:58:11",912,"400x400","400_912.png",70504,400,400
565,"https://azulejos-portadas.s3.us-east-2.amazonaws.com/565.jpg","2018-07-23 16:40:32","2019-01-22 01:58:11",995,"400x400","400_995.png",34379,400,400
563,"https://azulejos-portadas.s3.us-east-2.amazonaws.com/563.jpg","2018-07-23 15:59:43","2019-01-22 01:58:11",813,"400x400","400_813.png",67429,400,400
561,"https://azulejos-portadas.s3.us-east-2.amazonaws.com/561.jpg","2018-07-23 15:39:37","2019-01-22 01:58:11",951,"400x400","400_951.png",14843,400,400
560,"https://azulejos-portadas.s3.us-east-2.amazonaws.com/560.jpg","2018-07-23 15:38:23","2019-01-22 01:58:11",999,"400x400","400_999.png",16655,400,400
559,"https://azulejos-portadas.s3.us-east-2.amazonaws.com/559.jpg","2018-07-23 15:37:45","2019-01-22 01:58:11",1001,"400x400","400_1001.png",52827,400,400
550,"https://azulejos-portadas.s3.us-east-2.amazonaws.com/550.jpg","2018-07-20 17:20:14","2019-01-22 01:58:11",831,"400x400","400_831.png",43584,400,400
548,"https://azulejos-portadas.s3.us-east-2.amazonaws.com/548.jpg","2018-07-20 16:40:20","2019-01-22 01:58:11",996,"400x400","400_996.png",58327,400,400
547,"https://azulejos-portadas.s3.us-east-2.amazonaws.com/547.jpg","2018-07-20 16:28:44","2019-01-22 01:58:11",839,"400x400","400_839.png",10996,400,400
546,"https://azulejos-portadas.s3.us-east-2.amazonaws.com/546.jpg","2018-07-20 16:25:49","2019-01-22 01:58:11",837,"400x400","400_837.png",3317,400,400
545,"https://azulejos-portadas.s3.us-east-2.amazonaws.com/545.jpg","2018-07-20 16:24:48","2019-01-22 01:58:11",830,"400x400","400_830.png",48012,400,400
544,"https://azulejos-portadas.s3.us-east-2.amazonaws.com/544.jpg","2018-07-20 16:23:25","2019-01-22 01:58:11",844,"400x400","400_844.png",46184,400,400
543,"https://azulejos-portadas.s3.us-east-2.amazonaws.com/543.jpg","2018-07-20 16:20:32","2019-01-22 01:58:11",822,"400x400","400_822.png",17848,400,400
541,"https://azulejos-portadas.s3.us-east-2.amazonaws.com/541.jpg","2018-07-20 16:14:41","2019-01-22 01:58:11",826,"400x400","400_826.png",37910,400,400
540,"https://azulejos-portadas.s3.us-east-2.amazonaws.com/540.jpg","2018-07-20 16:10:00","2019-01-22 01:58:11",818,"400x400","400_818.png",56707,400,400
539,"https://azulejos-portadas.s3.us-east-2.amazonaws.com/539.jpg","2018-07-20 16:00:26","2019-01-22 01:58:11",876,"400x400","400_876.png",89710,400,400
538,"https://azulejos-portadas.s3.us-east-2.amazonaws.com/538.jpg","2018-07-20 15:59:31","2019-01-22 01:58:11",878,"400x400","400_878.png",74405,400,400
536,"https://azulejos-portadas.s3.us-east-2.amazonaws.com/536.jpg","2018-07-20 15:38:01","2019-01-22 01:58:11",1013,"400x400","400_1013.png",5914,400,400
534,"https://azulejos-portadas.s3.us-east-2.amazonaws.com/534.jpg","2018-07-20 15:26:56","2019-01-22 01:58:11",1009,"400x400","400_1009.png",39734,400,400
532,"https://azulejos-portadas.s3.us-east-2.amazonaws.com/532.jpg","2018-07-20 15:04:32","2019-01-22 01:58:11",896,"400x400","400_896.png",88922,400,400
531,"https://azulejos-portadas.s3.us-east-2.amazonaws.com/531.jpg","2018-07-19 22:26:12","2019-01-22 01:58:11",880,"400x400","400_880.png",63874,400,400
530,"https://azulejos-portadas.s3.us-east-2.amazonaws.com/530.jpg","2018-07-19 22:25:18","2019-01-22 01:58:11",992,"400x400","400_992.png",87987,400,400
529,"https://azulejos-portadas.s3.us-east-2.amazonaws.com/529.jpg","2018-07-19 22:20:40","2019-01-22 01:58:11",946,"400x400","400_946.png",63881,400,400
528,"https://azulejos-portadas.s3.us-east-2.amazonaws.com/528.jpg","2018-07-19 22:19:16","2019-01-22 01:58:11",950,"400x400","400_950.png",22585,400,400
527,"https://azulejos-portadas.s3.us-east-2.amazonaws.com/527.jpg","2018-07-19 21:54:17","2019-01-22 01:58:11",954,"400x400","400_954.png",9766,400,400
526,"https://azulejos-portadas.s3.us-east-2.amazonaws.com/526.jpg","2018-07-19 21:52:40","2019-01-22 01:58:11",901,"400x400","400_901.png",27653,400,400
525,"https://azulejos-portadas.s3.us-east-2.amazonaws.com/525.jpg","2018-07-19 21:50:48","2019-01-22 01:58:11",882,"400x400","400_882.png",29243,400,400
524,"https://azulejos-portadas.s3.us-east-2.amazonaws.com/524.jpg","2018-07-19 21:43:41","2019-01-22 01:58:11",875,"400x400","400_875.png",1671,400,400
523,"https://azulejos-portadas.s3.us-east-2.amazonaws.com/523.jpg","2018-07-19 19:12:20","2019-01-22 01:58:11",832,"400x400","400_832.png",90183,400,400
522,"https://azulejos-portadas.s3.us-east-2.amazonaws.com/522.jpg","2018-07-19 19:00:25","2019-01-22 01:58:11",824,"400x400","400_824.png",26308,400,400
521,"https://azulejos-portadas.s3.us-east-2.amazonaws.com/521.jpg","2018-07-19 18:59:28","2019-01-22 01:58:11",845,"400x400","400_845.png",99749,400,400
519,"https://azulejos-portadas.s3.us-east-2.amazonaws.com/519.jpg","2018-07-19 18:54:42","2019-01-22 01:58:11",879,"400x400","400_879.png",52078,400,400
518,"https://azulejos-portadas.s3.us-east-2.amazonaws.com/518.jpg","2018-07-19 18:25:09","2019-01-22 01:58:11",811,"400x400","400_811.png",69248,400,400
517,"https://azulejos-portadas.s3.us-east-2.amazonaws.com/517.jpg","2018-07-19 18:21:13","2019-01-22 01:58:11",943,"400x400","400_943.png",11439,400,400
516,"https://azulejos-portadas.s3.us-east-2.amazonaws.com/516.jpg","2018-07-19 17:51:17","2019-01-22 01:58:11",980,"400x400","400_980.png",9402,400,400
515,"https://azulejos-portadas.s3.us-east-2.amazonaws.com/515.jpg","2018-07-19 17:45:55","2019-01-22 01:58:11",982,"400x400","400_982.png",30963,400,400
514,"https://azulejos-portadas.s3.us-east-2.amazonaws.com/514.jpg","2018-07-19 17:41:29","2019-01-22 01:58:11",955,"400x400","400_955.png",41543,400,400
513,"https://azulejos-portadas.s3.us-east-2.amazonaws.com/513.jpg","2018-07-19 17:39:22","2019-01-22 01:58:11",924,"400x400","400_924.png",73379,400,400
512,"https://azulejos-portadas.s3.us-east-2.amazonaws.com/512.jpg","2018-07-19 17:30:58","2019-01-22 01:58:11",988,"400x400","400_988.png",8863,400,400
511,"https://azulejos-portadas.s3.us-east-2.amazonaws.com/511.jpg","2018-07-19 17:22:16","2019-01-22 01:58:11",935,"400x400","400_935.png",24569,400,400
510,"https://azulejos-portadas.s3.us-east-2.amazonaws.com/510.jpg","2018-07-19 17:17:22","2019-01-22 01:58:11",920,"400x400","400_920.png",49307,400,400
509,"https://azulejos-portadas.s3.us-east-2.amazonaws.com/509.jpg","2018-07-19 17:10:52","2019-01-22 01:58:11",916,"400x400","400_916.png",59867,400,400
508,"https://azulejos-portadas.s3.us-east-2.amazonaws.com/508.jpg","2018-07-19 17:07:03","2019-01-22 01:58:11",914,"400x400","400_914.png",80240,400,400
507,"https://azulejos-portadas.s3.us-east-2.amazonaws.com/507.jpg","2018-07-19 16:54:04","2019-01-22 01:58:11",970,"400x400","400_970.png",63462,400,400
506,"https://azulejos-portadas.s3.us-east-2.amazonaws.com/506.jpg","2018-07-19 16:50:06","2019-01-22 01:58:11",981,"400x400","400_981.png",83723,400,400
505,"https://azulejos-portadas.s3.us-east-2.amazonaws.com/505.jpg","2018-07-19 16:39:34","2019-01-22 01:58:11",926,"400x400","400_926.png",58795,400,400
504,"https://azulejos-portadas.s3.us-east-2.amazonaws.com/504.jpg","2018-07-19 16:37:41","2019-01-22 01:58:11",907,"400x400","400_907.png",55764,400,400
503,"https://azulejos-portadas.s3.us-east-2.amazonaws.com/503.jpg","2018-07-19 16:20:14","2019-01-22 01:58:11",1000,"400x400","400_1000.png",82353,400,400
502,"https://azulejos-portadas.s3.us-east-2.amazonaws.com/502.jpg","2018-07-19 16:16:34","2019-01-22 01:58:11",1018,"400x400","400_1018.png",24576,400,400
501,"https://azulejos-portadas.s3.us-east-2.amazonaws.com/501.jpg","2018-07-19 16:10:49","2019-01-22 01:58:11",1022,"400x400","400_1022.png",30903,400,400
499,"https://azulejos-portadas.s3.us-east-2.amazonaws.com/499.jpg","2018-07-19 15:54:04","2019-01-22 01:58:11",968,"400x400","400_968.png",28133,400,400
498,"https://azulejos-portadas.s3.us-east-2.amazonaws.com/498.jpg","2018-07-19 15:37:58","2019-01-22 01:58:11",966,"400x400","400_966.png",61652,400,400
497,"https://azulejos-portadas.s3.us-east-2.amazonaws.com/497.jpg","2018-07-19 15:33:55","2019-01-22 01:58:11",964,"400x400","400_964.png",63044,400,400
496,"https://azulejos-portadas.s3.us-east-2.amazonaws.com/496.jpg","2018-07-19 15:30:52","2019-01-22 01:58:11",910,"400x400","400_910.png",84059,400,400
495,"https://azulejos-portadas.s3.us-east-2.amazonaws.com/495.jpg","2018-07-19 15:28:23","2019-01-22 01:58:11",836,"400x400","400_836.png",83868,400,400
494,"https://azulejos-portadas.s3.us-east-2.amazonaws.com/494.jpg","2018-07-19 15:20:13","2019-01-22 01:58:11",829,"400x400","400_829.png",23600,400,400
493,"https://azulejos-portadas.s3.us-east-2.amazonaws.com/493.jpg","2018-07-18 22:50:55","2019-01-22 01:58:11",843,"400x400","400_843.png",50599,400,400
492,"https://azulejos-portadas.s3.us-east-2.amazonaws.com/492.jpg","2018-07-18 22:50:10","2019-01-22 01:58:11",821,"400x400","400_821.png",13641,400,400
491,"https://azulejos-portadas.s3.us-east-2.amazonaws.com/491.jpg","2018-07-18 22:49:15","2019-01-22 01:58:11",823,"400x400","400_823.png",71722,400,400
489,"https://azulejos-portadas.s3.us-east-2.amazonaws.com/489.jpg","2018-07-18 22:30:23","2019-01-22 01:58:11",800,"400x400","400_800.png",26932,400,400
488,"https://azulejos-portadas.s3.us-east-2.amazonaws.com/488.jpg","2018-07-18 22:27:05","2019-01-22 01:58:11",962,"400x400","400_962.png",11740,400,400
483,"https://azulejos-portadas.s3.us-east-2.amazonaws.com/483.jpg","2018-07-18 22:08:13","2019-01-22 01:58:11",819,"400x400","400_819.png",18612,400,400
482,"https://azulejos-portadas.s3.us-east-2.amazonaws.com/482.jpg","2018-07-18 22:02:40","2019-01-22 01:58:11",868,"400x400","400_868.png",26732,400,400
481,"https://azulejos-portadas.s3.us-east-2.amazonaws.com/481.jpg","2018-07-18 22:01:37","2019-01-22 01:58:11",807,"400x400","400_807.png",900,400,400
479,"https://azulejos-portadas.s3.us-east-2.amazonaws.com/479.jpg","2018-07-18 21:59:31","2019-01-22 01:58:11",810,"400x400","400_810.png",90714,400,400
478,"https://azulejos-portadas.s3.us-east-2.amazonaws.com/478.jpg","2018-07-18 21:55:14","2019-01-22 01:58:11",940,"400x400","400_940.png",75107,400,400
474,"https://azulejos-portadas.s3.us-east-2.amazonaws.com/474.jpg","2018-07-18 21:32:37","2019-01-22 01:58:11",938,"400x400","400_938.png",47870,400,400
428,"https://azulejos-portadas.s3.us-east-2.amazonaws.com/428.jpg","2018-07-10 14:26:41","2019-01-22 01:58:11",1413,"400x400","400_1413.png",45009,400,400
422,"https://azulejos-portadas.s3.us-east-2.amazonaws.com/422.jpg","2018-07-09 22:29:48","2019-01-22 01:58:11",7612,"400x400","400_7612.png",54142,400,400
418,"https://azulejos-portadas.s3.us-east-2.amazonaws.com/418.jpg","2018-07-09 22:15:58","2019-01-22 01:58:11",7609,"400x400","400_7609.png",96717,400,400
416,"https://azulejos-portadas.s3.us-east-2.amazonaws.com/416.jpg","2018-07-09 22:10:40","2019-01-22 01:58:11",1248,"400x400","400_1248.png",68357,400,400
412,"https://azulejos-portadas.s3.us-east-2.amazonaws.com/412.jpg","2018-07-09 21:51:08","2019-01-22 01:58:11",7608,"400x400","400_7608.png",54806,400,400
411,"https://azulejos-portadas.s3.us-east-2.amazonaws.com/411.jpg","2018-07-09 21:50:05","2019-01-22 01:58:11",1449,"400x400","400_1449.png",90153,400,400
409,"https://azulejos-portadas.s3.us-east-2.amazonaws.com/409.jpg","2018-07-09 21:42:51","2019-01-22 01:58:11",7607,"400x400","400_7607.png",19620,400,400
406,"https://azulejos-portadas.s3.us-east-2.amazonaws.com/406.jpg","2018-07-09 21:41:25","2019-01-22 01:58:11",7605,"400x400","400_7605.png",80641,400,400
405,"https://azulejos-portadas.s3.us-east-2.amazonaws.com/405.jpg","2018-07-09 21:17:11","2019-01-22 01:58:11",7603,"400x400","400_7603.png",7491,400,400
404,"https://azulejos-portadas.s3.us-east-2.amazonaws.com/404.jpg","2018-07-09 21:16:54","2019-01-22 01:58:11",7602,"400x400","400_7602.png",45218,400,400
397,"https://azulejos-portadas.s3.us-east-2.amazonaws.com/397.jpg","2018-07-09 20:55:47","2019-01-22 01:58:11",7596,"400x400","400_7596.png",71409,400,400
363,"https://azulejos-portadas.s3.us-east-2.amazonaws.com/363.jpg","2018-07-09 17:14:53","2019-01-22 01:58:11",7585,"400x400","400_7585.png",41032,400,400
361,"https://azulejos-portadas.s3.us-east-2.amazonaws.com/361.jpg","2018-07-09 17:13:50","2019-01-22 01:58:11",7398,"400x400","400_7398.png",25679,400,400
359,"https://azulejos-portadas.s3.us-east-2.amazonaws.com/359.jpg","2018-07-09 17:11:12","2019-01-22 01:58:11",7396,"400x400","400_7396.png",16801,400,400
356,"https://azulejos-portadas.s3.us-east-2.amazonaws.com/356.jpg","2018-07-09 16:58:55","2019-01-22 01:58:11",7411,"400x400","400_7411.png",8674,400,400
353,"https://azulejos-portadas.s3.us-east-2.amazonaws.com/353.jpg","2018-07-09 16:53:37","2019-01-22 01:58:11",1244,"400x400","400_1244.png",84188,400,400
352,"https://azulejos-portadas.s3.us-east-2.amazonaws.com/352.jpg","2018-07-09 16:53:20","2019-01-22 01:58:11",7408,"400x400","400_7408.png",90142,400,400
351,"https://azulejos-portadas.s3.us-east-2.amazonaws.com/351.jpg","2018-07-09 16:50:14","2019-01-22 01:58:11",7407,"400x400","400_7407.png",32849,400,400
348,"https://azulejos-portadas.s3.us-east-2.amazonaws.com/348.jpg","2018-07-09 16:39:53","2019-01-22 01:58:11",7569,"400x400","400_7569.png",32527,400,400
345,"https://azulejos-portadas.s3.us-east-2.amazonaws.com/345.jpg","2018-07-09 16:35:16","2019-01-22 01:58:11",2975,"400x400","400_2975.png",85045,400,400
343,"https://azulejos-portadas.s3.us-east-2.amazonaws.com/343.jpg","2018-07-09 16:33:31","2019-01-22 01:58:11",7513,"400x400","400_7513.png",17584,400,400
342,"https://azulejos-portadas.s3.us-east-2.amazonaws.com/342.jpg","2018-07-09 16:33:05","2019-01-22 01:58:11",7538,"400x400","400_7538.png",36744,400,400
341,"https://azulejos-portadas.s3.us-east-2.amazonaws.com/341.jpg","2018-07-09 16:31:10","2019-01-22 01:58:11",7533,"400x400","400_7533.png",32009,400,400
338,"https://azulejos-portadas.s3.us-east-2.amazonaws.com/338.jpg","2018-07-09 16:25:35","2019-01-22 01:58:11",NULL,"400x400","400_null.png",92077,400,400
331,"https://azulejos-portadas.s3.us-east-2.amazonaws.com/331.jpg","2018-07-09 15:24:38","2019-01-22 01:58:11",7576,"400x400","400_7576.png",29052,400,400
300,"https://azulejos-portadas.s3.us-east-2.amazonaws.com/300.jpg","2018-07-05 21:36:20","2019-01-22 01:58:11",7375,"400x400","400_7375.png",35532,400,400
298,"https://azulejos-portadas.s3.us-east-2.amazonaws.com/298.jpg","2018-07-05 21:34:35","2019-01-22 01:58:11",1399,"400x400","400_1399.png",171,400,400
297,"https://azulejos-portadas.s3.us-east-2.amazonaws.com/297.jpg","2018-07-05 21:33:31","2019-01-22 01:58:11",7372,"400x400","400_7372.png",27347,400,400
296,"https://azulejos-portadas.s3.us-east-2.amazonaws.com/296.jpg","2018-07-05 21:32:04","2019-01-22 01:58:11",1428,"400x400","400_1428.png",65848,400,400
295,"https://azulejos-portadas.s3.us-east-2.amazonaws.com/295.jpg","2018-07-05 21:31:22","2019-01-22 01:58:11",7564,"400x400","400_7564.png",31113,400,400
294,"https://azulejos-portadas.s3.us-east-2.amazonaws.com/294.jpg","2018-07-05 21:30:17","2019-01-22 01:58:11",7563,"400x400","400_7563.png",86013,400,400
293,"https://azulejos-portadas.s3.us-east-2.amazonaws.com/293.jpg","2018-07-05 21:30:02","2019-01-22 01:58:11",1287,"400x400","400_1287.png",58867,400,400
292,"https://azulejos-portadas.s3.us-east-2.amazonaws.com/292.jpg","2018-07-05 21:29:20","2019-01-22 01:58:11",7562,"400x400","400_7562.png",40392,400,400
291,"https://azulejos-portadas.s3.us-east-2.amazonaws.com/291.jpg","2018-07-05 21:28:03","2019-01-22 01:58:11",1346,"400x400","400_1346.png",75510,400,400
290,"https://azulejos-portadas.s3.us-east-2.amazonaws.com/290.jpg","2018-07-05 21:26:38","2019-01-22 01:58:11",1259,"400x400","400_1259.png",44416,400,400
289,"https://azulejos-portadas.s3.us-east-2.amazonaws.com/289.jpg","2018-07-05 21:25:00","2019-01-22 01:58:11",1277,"400x400","400_1277.png",6681,400,400
288,"https://azulejos-portadas.s3.us-east-2.amazonaws.com/288.jpg","2018-07-05 21:22:53","2019-01-22 01:58:11",7559,"400x400","400_7559.png",56886,400,400
287,"https://azulejos-portadas.s3.us-east-2.amazonaws.com/287.jpg","2018-07-05 21:22:44","2019-01-22 01:58:11",7561,"400x400","400_7561.png",54341,400,400
122,"https://azulejos-portadas.s3.us-east-2.amazonaws.com/122.jpg","2018-07-04 15:45:47","2019-01-22 01:58:11",1436,"400x400","400_1436.png",44314,400,400
121,"https://azulejos-portadas.s3.us-east-2.amazonaws.com/121.jpg","2018-07-04 15:42:10","2019-01-22 01:58:11",1372,"400x400","400_1372.png",64239,400,400
120,"https://azulejos-portadas.s3.us-east-2.amazonaws.com/120.jpg","2018-07-04 15:18:12","2019-01-22 01:58:11",7382,"400x400","400_7382.png",72792,400,400
119,"https://azulejos-portadas.s3.us-east-2.amazonaws.com/119.jpg","2018-07-03 22:03:43","2019-01-22 01:58:11",7366,"400x400","400_7366.png",92672,400,400
118,"https://azulejos-portadas.s3.us-east-2.amazonaws.com/118.jpg","2018-07-03 21:55:05","2019-01-22 01:58:11",1240,"400x400","400_1240.png",58634,400,400
99,"https://azulejos-portadas.s3.amazonaws.com/99.jpg","2018-07-03 21:15:21","2019-01-22 01:58:11",1452,"400x400","400_1452.png",54084,400,400
98,"https://azulejos-portadas.s3.amazonaws.com/98.jpg","2018-07-03 21:12:37","2019-01-22 01:58:11",1340,"400x400","400_1340.png",98011,400,400
97,"https://azulejos-portadas.s3.amazonaws.com/97.jpg","2018-07-03 21:08:11","2019-01-22 01:58:11",1272,"400x400","400_1272.png",72619,400,400
96,"https://azulejos-portadas.s3.amazonaws.com/96.jpg","2018-07-03 19:31:13","2019-01-22 01:58:11",1388,"400x400","400_1388.png",70910,400,400
95,"https://azulejos-portadas.s3.amazonaws.com/95.jpg","2018-07-03 19:28:47","2019-01-22 01:58:11",1322,"400x400","400_1322.png",3127,400,400
94,"https://azulejos-portadas.s3.amazonaws.com/94.jpg","2018-07-03 19:14:44","2019-01-22 01:58:11",1419,"400x400","400_1419.png",37051,400,400
93,"https://azulejos-portadas.s3.amazonaws.com/93.jpg","2018-07-03 19:12:12","2019-01-22 01:58:11",7401,"400x400","400_7401.png",51527,400,400
92,"https://azulejos-portadas.s3.amazonaws.com/92.jpg","2018-07-03 19:09:28","2019-01-22 01:58:11",7400,"400x400","400_7400.png",16533,400,400
91,"https://azulejos-portadas.s3.amazonaws.com/91.jpg","2018-07-03 19:08:45","2019-01-22 01:58:11",NULL,"400x400","400_null.png",60975,400,400
90,"https://azulejos-portadas.s3.amazonaws.com/90.jpg","2018-07-03 19:03:32","2019-01-22 01:58:11",1358,"400x400","400_1358.png",15882,400,400
89,"https://azulejos-portadas.s3.amazonaws.com/89.jpg","2018-07-03 19:02:19","2019-01-22 01:58:11",1271,"400x400","400_1271.png",4069,400,400
88,"https://azulejos-portadas.s3.amazonaws.com/88.jpg","2018-07-03 18:58:14","2019-01-22 01:58:11",2950,"400x400","400_2950.png",75347,400,400
87,"https://azulejos-portadas.s3.amazonaws.com/87.jpg","2018-07-03 18:55:59","2019-01-22 01:58:11",2820,"400x400","400_2820.png",95143,400,400
86,"https://azulejos-portadas.s3.amazonaws.com/86.jpg","2018-07-03 18:55:01","2019-01-22 01:58:11",1338,"400x400","400_1338.png",39029,400,400
85,"https://azulejos-portadas.s3.amazonaws.com/85.jpg","2018-07-03 18:50:33","2019-01-22 01:58:11",1450,"400x400","400_1450.png",57371,400,400
84,"https://azulejos-portadas.s3.amazonaws.com/84.jpg","2018-07-03 18:41:01","2019-01-22 01:58:11",1252,"400x400","400_1252.png",20124,400,400
83,"https://azulejos-portadas.s3.amazonaws.com/83.jpg","2018-07-03 18:37:20","2019-01-22 01:58:11",7388,"400x400","400_7388.png",36396,400,400
82,"https://azulejos-portadas.s3.amazonaws.com/82.jpg","2018-07-03 18:36:36","2019-01-22 01:58:11",1792,"400x400","400_1792.png",19176,400,400
81,"https://azulejos-portadas.s3.amazonaws.com/81.jpg","2018-07-03 18:35:04","2019-01-22 01:58:11",1239,"400x400","400_1239.png",294,400,400
80,"https://azulejos-portadas.s3.amazonaws.com/80.jpg","2018-07-03 18:31:08","2019-01-22 01:58:11",7384,"400x400","400_7384.png",76378,400,400
8,"https://azulejos-portadas.s3.amazonaws.com/8.jpg","2018-06-27 00:18:27","2019-01-22 01:58:11",1794,"400x400","400_1794.png",52365,400,400
79,"https://azulejos-portadas.s3.amazonaws.com/79.jpg","2018-07-03 18:29:08","2019-01-22 01:58:11",1270,"400x400","400_1270.png",72330,400,400
78,"https://azulejos-portadas.s3.amazonaws.com/78.jpg","2018-07-03 18:28:37","2019-01-22 01:58:11",1373,"400x400","400_1373.png",96043,400,400
77,"https://azulejos-portadas.s3.amazonaws.com/77.jpg","2018-07-03 18:22:55","2019-01-22 01:58:11",1269,"400x400","400_1269.png",77834,400,400
76,"https://azulejos-portadas.s3.amazonaws.com/76.jpg","2018-07-03 18:20:32","2019-01-22 01:58:11",1246,"400x400","400_1246.png",69187,400,400
75,"https://azulejos-portadas.s3.amazonaws.com/75.jpg","2018-07-03 18:12:06","2019-01-22 01:58:11",7368,"400x400","400_7368.png",99233,400,400
74,"https://azulejos-portadas.s3.amazonaws.com/74.jpg","2018-07-03 17:24:30","2019-01-22 01:58:11",7369,"400x400","400_7369.png",47219,400,400
73,"https://azulejos-portadas.s3.amazonaws.com/73.jpg","2018-07-03 17:04:53","2019-01-22 01:58:11",1251,"400x400","400_1251.png",46596,400,400
72,"https://azulejos-portadas.s3.amazonaws.com/72.jpg","2018-07-03 17:02:49","2019-01-22 01:58:11",1375,"400x400","400_1375.png",31128,400,400
71,"https://azulejos-portadas.s3.amazonaws.com/71.jpg","2018-07-03 17:00:08","2019-01-22 01:58:11",7367,"400x400","400_7367.png",48801,400,400
70,"https://azulejos-portadas.s3.amazonaws.com/70.jpg","2018-07-03 16:57:47","2019-01-22 01:58:11",1268,"400x400","400_1268.png",15623,400,400
7,"https://azulejos-portadas.s3.amazonaws.com/7.jpg","2018-06-27 00:11:38","2019-01-22 01:58:11",7343,"400x400","400_7343.png",50372,400,400
695,"https://azulejos-portadas.s3.amazonaws.com/695.jpg","2018-08-15 03:59:43","2019-01-22 01:58:11",766,"400x400","400_766.png",20446,400,400
691,"https://azulejos-portadas.s3.amazonaws.com/691.jpg","2018-07-26 20:50:09","2019-01-22 01:58:11",1905,"400x400","400_1905.png",21600,400,400
690,"https://azulejos-portadas.s3.amazonaws.com/690.jpg","2018-07-26 19:02:47","2019-01-22 01:58:11",1903,"400x400","400_1903.png",59297,400,400
69,"https://azulejos-portadas.s3.amazonaws.com/69.jpg","2018-07-03 16:51:13","2019-01-22 01:58:11",1292,"400x400","400_1292.png",11915,400,400
689,"https://azulejos-portadas.s3.amazonaws.com/689.jpg","2018-07-26 18:49:35","2019-01-22 01:58:11",1847,"400x400","400_1847.png",88468,400,400
686,"https://azulejos-portadas.s3.amazonaws.com/686.jpg","2018-07-26 18:28:37","2019-01-22 01:58:11",1848,"400x400","400_1848.png",79353,400,400
680,"https://azulejos-portadas.s3.amazonaws.com/680.jpg","2018-07-26 17:49:52","2019-01-22 01:58:11",816,"400x400","400_816.png",74988,400,400
68,"https://azulejos-portadas.s3.amazonaws.com/68.jpg","2018-07-03 16:46:44","2019-01-22 01:58:11",1238,"400x400","400_1238.png",61011,400,400
679,"https://azulejos-portadas.s3.amazonaws.com/679.jpg","2018-07-26 17:46:57","2019-01-22 01:58:11",863,"400x400","400_863.png",6521,400,400
678,"https://azulejos-portadas.s3.amazonaws.com/678.jpg","2018-07-26 17:24:32","2019-01-22 01:58:11",809,"400x400","400_809.png",50147,400,400
676,"https://azulejos-portadas.s3.amazonaws.com/676.jpg","2018-07-26 17:11:58","2019-01-22 01:58:11",850,"400x400","400_850.png",12383,400,400
675,"https://azulejos-portadas.s3.amazonaws.com/675.jpg","2018-07-26 15:47:29","2019-01-22 01:58:11",798,"400x400","400_798.png",79754,400,400
674,"https://azulejos-portadas.s3.amazonaws.com/674.jpg","2018-07-26 15:37:52","2019-01-22 01:58:11",825,"400x400","400_825.png",9259,400,400
673,"https://azulejos-portadas.s3.amazonaws.com/673.jpg","2018-07-24 05:19:53","2019-01-22 01:58:11",3140,"400x400","400_3140.png",14645,400,400
672,"https://azulejos-portadas.s3.amazonaws.com/672.jpg","2018-07-23 22:44:46","2019-01-22 01:58:11",1666,"400x400","400_1666.png",12583,400,400
671,"https://azulejos-portadas.s3.amazonaws.com/671.jpg","2018-07-23 22:44:25","2019-01-22 01:58:11",1023,"400x400","400_1023.png",27110,400,400
670,"https://azulejos-portadas.s3.amazonaws.com/670.jpg","2018-07-23 22:43:27","2019-01-22 01:58:11",1021,"400x400","400_1021.png",49322,400,400
67,"https://azulejos-portadas.s3.amazonaws.com/67.jpg","2018-07-03 16:43:03","2019-01-22 01:58:11",1356,"400x400","400_1356.png",15793,400,400
669,"https://azulejos-portadas.s3.amazonaws.com/669.jpg","2018-07-23 22:42:46","2019-01-22 01:58:11",1019,"400x400","400_1019.png",46442,400,400
668,"https://azulejos-portadas.s3.amazonaws.com/668.jpg","2018-07-23 22:42:13","2019-01-22 01:58:11",891,"400x400","400_891.png",53665,400,400
667,"https://azulejos-portadas.s3.amazonaws.com/667.jpg","2018-07-23 22:41:27","2019-01-22 01:58:11",918,"400x400","400_918.png",75009,400,400
666,"https://azulejos-portadas.s3.amazonaws.com/666.jpg","2018-07-23 22:40:55","2019-01-22 01:58:11",984,"400x400","400_984.png",60202,400,400
665,"https://azulejos-portadas.s3.amazonaws.com/665.jpg","2018-07-23 22:40:28","2019-01-22 01:58:11",884,"400x400","400_884.png",46711,400,400
664,"https://azulejos-portadas.s3.amazonaws.com/664.jpg","2018-07-23 22:40:07","2019-01-22 01:58:11",903,"400x400","400_903.png",97565,400,400
663,"https://azulejos-portadas.s3.amazonaws.com/663.jpg","2018-07-23 22:39:32","2019-01-22 01:58:11",987,"400x400","400_987.png",83277,400,400
662,"https://azulejos-portadas.s3.amazonaws.com/662.jpg","2018-07-23 22:38:58","2019-01-22 01:58:11",892,"400x400","400_892.png",52915,400,400
661,"https://azulejos-portadas.s3.amazonaws.com/661.jpg","2018-07-23 22:38:38","2019-01-22 01:58:11",890,"400x400","400_890.png",3033,400,400
660,"https://azulejos-portadas.s3.amazonaws.com/660.jpg","2018-07-23 22:38:13","2019-01-22 01:58:11",859,"400x400","400_859.png",81606,400,400
66,"https://azulejos-portadas.s3.amazonaws.com/66.jpg","2018-07-03 16:42:09","2019-01-22 01:58:11",1374,"400x400","400_1374.png",84814,400,400
659,"https://azulejos-portadas.s3.amazonaws.com/659.jpg","2018-07-23 22:37:21","2019-01-22 01:58:11",960,"400x400","400_960.png",86190,400,400
658,"https://azulejos-portadas.s3.amazonaws.com/658.jpg","2018-07-23 22:36:13","2019-01-22 01:58:11",885,"400x400","400_885.png",42661,400,400
657,"https://azulejos-portadas.s3.amazonaws.com/657.jpg","2018-07-23 22:35:51","2019-01-22 01:58:11",883,"400x400","400_883.png",35386,400,400
656,"https://azulejos-portadas.s3.amazonaws.com/656.jpg","2018-07-23 22:34:39","2019-01-22 01:58:11",855,"400x400","400_855.png",92629,400,400
655,"https://azulejos-portadas.s3.amazonaws.com/655.jpg","2018-07-23 22:34:06","2019-01-22 01:58:11",956,"400x400","400_956.png",78023,400,400
654,"https://azulejos-portadas.s3.amazonaws.com/654.jpg","2018-07-23 22:33:34","2019-01-22 01:58:11",802,"400x400","400_802.png",84175,400,400
653,"https://azulejos-portadas.s3.amazonaws.com/653.jpg","2018-07-23 22:33:08","2019-01-22 01:58:11",846,"400x400","400_846.png",74389,400,400
652,"https://azulejos-portadas.s3.amazonaws.com/652.jpg","2018-07-23 22:31:52","2019-01-22 01:58:11",851,"400x400","400_851.png",53480,400,400
651,"https://azulejos-portadas.s3.amazonaws.com/651.jpg","2018-07-23 22:31:22","2019-01-22 01:58:11",805,"400x400","400_805.png",19355,400,400
650,"https://azulejos-portadas.s3.amazonaws.com/650.jpg","2018-07-23 22:30:53","2019-01-22 01:58:11",812,"400x400","400_812.png",84338,400,400
649,"https://azulejos-portadas.s3.amazonaws.com/649.jpg","2018-07-23 22:29:49","2019-01-22 01:58:11",1020,"400x400","400_1020.png",84005,400,400
648,"https://azulejos-portadas.s3.amazonaws.com/648.jpg","2018-07-23 22:22:50","2019-01-22 01:58:11",1484,"400x400","400_1484.png",66973,400,400
647,"https://azulejos-portadas.s3.amazonaws.com/647.jpg","2018-07-23 22:21:35","2019-01-22 01:58:11",1229,"400x400","400_1229.png",34187,400,400
646,"https://azulejos-portadas.s3.amazonaws.com/646.jpg","2018-07-23 22:21:03","2019-01-22 01:58:11",973,"400x400","400_973.png",55699,400,400
645,"https://azulejos-portadas.s3.amazonaws.com/645.jpg","2018-07-23 22:20:33","2019-01-22 01:58:11",1017,"400x400","400_1017.png",85432,400,400
644,"https://azulejos-portadas.s3.amazonaws.com/644.jpg","2018-07-23 22:19:59","2019-01-22 01:58:11",1012,"400x400","400_1012.png",45567,400,400
643,"https://azulejos-portadas.s3.amazonaws.com/643.jpg","2018-07-23 22:19:22","2019-01-22 01:58:11",1010,"400x400","400_1010.png",53590,400,400
642,"https://azulejos-portadas.s3.amazonaws.com/642.jpg","2018-07-23 22:18:58","2019-01-22 01:58:11",1011,"400x400","400_1011.png",38070,400,400
64,"https://azulejos-portadas.s3.amazonaws.com/64.jpg","2018-07-03 16:40:48","2019-01-22 01:58:11",1417,"400x400","400_1417.png",9680,400,400
639,"https://azulejos-portadas.s3.amazonaws.com/639.jpg","2018-07-23 22:11:17","2019-01-22 01:58:11",953,"400x400","400_953.png",96142,400,400
630,"https://azulejos-portadas.s3.amazonaws.com/630.jpg","2018-07-23 21:59:41","2019-01-22 01:58:11",895,"400x400","400_895.png",21639,400,400
629,"https://azulejos-portadas.s3.amazonaws.com/629.jpg","2018-07-23 21:58:44","2019-01-22 01:58:11",893,"400x400","400_893.png",35926,400,400
627,"https://azulejos-portadas.s3.amazonaws.com/627.jpg","2018-07-23 21:57:50","2019-01-22 01:58:11",814,"400x400","400_814.png",11469,400,400
626,"https://azulejos-portadas.s3.amazonaws.com/626.jpg","2018-07-23 21:57:25","2019-01-22 01:58:11",852,"400x400","400_852.png",6885,400,400
625,"https://azulejos-portadas.s3.amazonaws.com/625.jpg","2018-07-23 21:56:38","2019-01-22 01:58:11",806,"400x400","400_806.png",19364,400,400
624,"https://azulejos-portadas.s3.amazonaws.com/624.jpg","2018-07-23 21:56:04","2019-01-22 01:58:11",801,"400x400","400_801.png",68843,400,400
623,"https://azulejos-portadas.s3.amazonaws.com/623.jpg","2018-07-23 21:55:32","2019-01-22 01:58:11",854,"400x400","400_854.png",10150,400,400
62,"https://azulejos-portadas.s3.amazonaws.com/62.jpg","2018-07-03 16:38:44","2019-01-22 01:58:11",1416,"400x400","400_1416.png",40543,400,400
616,"https://azulejos-portadas.s3.amazonaws.com/616.jpg","2018-07-23 21:36:25","2019-01-22 01:58:11",848,"400x400","400_848.png",90786,400,400
615,"https://azulejos-portadas.s3.amazonaws.com/615.jpg","2018-07-23 21:35:11","2019-01-22 01:58:11",983,"400x400","400_983.png",65134,400,400
61,"https://azulejos-portadas.s3.amazonaws.com/61.jpg","2018-07-03 16:32:24","2019-01-22 01:58:11",NULL,"400x400","400_null.png",53145,400,400
600,"https://azulejos-portadas.s3.amazonaws.com/600.jpg","2018-07-23 18:43:38","2019-01-22 01:58:11",928,"400x400","400_928.png",71076,400,400
60,"https://azulejos-portadas.s3.amazonaws.com/60.jpg","2018-07-03 16:22:51","2019-01-22 01:58:11",7364,"400x400","400_7364.png",23242,400,400
6,"https://azulejos-portadas.s3.amazonaws.com/6.jpg","2018-06-27 00:02:48","2019-01-22 01:58:11",7344,"400x400","400_7344.png",98290,400,400
59,"https://azulejos-portadas.s3.amazonaws.com/59.jpg","2018-07-03 16:22:18","2019-01-22 01:58:11",7362,"400x400","400_7362.png",40306,400,400
588,"https://azulejos-portadas.s3.amazonaws.com/588.jpg","2018-07-23 18:04:13","2019-01-22 01:58:11",1090,"400x400","400_1090.png",86234,400,400
586,"https://azulejos-portadas.s3.amazonaws.com/586.jpg","2018-07-23 18:02:11","2019-01-22 01:58:11",942,"400x400","400_942.png",42416,400,400
584,"https://azulejos-portadas.s3.amazonaws.com/584.jpg","2018-07-23 17:44:20","2019-01-22 01:58:11",888,"400x400","400_888.png",66347,400,400
582,"https://azulejos-portadas.s3.amazonaws.com/582.jpg","2018-07-23 17:42:59","2019-01-22 01:58:11",849,"400x400","400_849.png",68834,400,400
580,"https://azulejos-portadas.s3.amazonaws.com/580.jpg","2018-07-23 17:41:47","2019-01-22 01:58:11",858,"400x400","400_858.png",30993,400,400
58,"https://azulejos-portadas.s3.amazonaws.com/58.jpg","2018-07-03 16:21:37","2019-01-22 01:58:11",7365,"400x400","400_7365.png",7985,400,400
577,"https://azulejos-portadas.s3.amazonaws.com/577.jpg","2018-07-23 17:38:57","2019-01-22 01:58:11",887,"400x400","400_887.png",5616,400,400
576,"https://azulejos-portadas.s3.amazonaws.com/576.jpg","2018-07-23 17:37:57","2019-01-22 01:58:11",900,"400x400","400_900.png",11263,400,400
575,"https://azulejos-portadas.s3.amazonaws.com/575.jpg","2018-07-23 17:35:41","2019-01-22 01:58:11",986,"400x400","400_986.png",91870,400,400
574,"https://azulejos-portadas.s3.amazonaws.com/574.jpg","2018-07-23 17:34:53","2019-01-22 01:58:11",934,"400x400","400_934.png",2427,400,400
573,"https://azulejos-portadas.s3.amazonaws.com/573.jpg","2018-07-23 17:33:59","2019-01-22 01:58:11",957,"400x400","400_957.png",83011,400,400
570,"https://azulejos-portadas.s3.amazonaws.com/570.jpg","2018-07-23 17:08:07","2019-01-22 01:58:11",856,"400x400","400_856.png",83048,400,400
57,"https://azulejos-portadas.s3.amazonaws.com/57.jpg","2018-07-03 16:11:29","2019-01-22 01:58:11",1439,"400x400","400_1439.png",61742,400,400
569,"https://azulejos-portadas.s3.amazonaws.com/569.jpg","2018-07-23 17:07:32","2019-01-22 01:58:11",847,"400x400","400_847.png",26024,400,400
568,"https://azulejos-portadas.s3.amazonaws.com/568.jpg","2018-07-23 17:06:43","2019-01-22 01:58:11",803,"400x400","400_803.png",89474,400,400
564,"https://azulejos-portadas.s3.amazonaws.com/564.jpg","2018-07-23 16:39:12","2019-01-22 01:58:11",860,"400x400","400_860.png",4155,400,400
562,"https://azulejos-portadas.s3.amazonaws.com/562.jpg","2018-07-23 15:57:44","2019-01-22 01:58:11",949,"400x400","400_949.png",31739,400,400
56,"https://azulejos-portadas.s3.amazonaws.com/56.jpg","2018-07-03 16:05:01","2019-01-22 01:58:11",1444,"400x400","400_1444.png",14126,400,400
558,"https://azulejos-portadas.s3.amazonaws.com/558.jpg","2018-07-23 15:36:57","2019-01-22 01:58:11",1008,"400x400","400_1008.png",73617,400,400
557,"https://azulejos-portadas.s3.amazonaws.com/557.jpg","2018-07-20 19:08:50","2019-01-22 01:58:11",864,"400x400","400_864.png",75667,400,400
556,"https://azulejos-portadas.s3.amazonaws.com/556.jpg","2018-07-20 19:08:17","2019-01-22 01:58:11",866,"400x400","400_866.png",59978,400,400
555,"https://azulejos-portadas.s3.amazonaws.com/555.jpg","2018-07-20 19:06:44","2019-01-22 01:58:11",861,"400x400","400_861.png",81366,400,400
554,"https://azulejos-portadas.s3.amazonaws.com/554.jpg","2018-07-20 19:01:03","2019-01-22 01:58:11",958,"400x400","400_958.png",39843,400,400
553,"https://azulejos-portadas.s3.amazonaws.com/553.jpg","2018-07-20 18:48:41","2019-01-22 01:58:11",1006,"400x400","400_1006.png",99788,400,400
552,"https://azulejos-portadas.s3.amazonaws.com/552.jpg","2018-07-20 17:39:10","2019-01-22 01:58:11",1166,"400x400","400_1166.png",66353,400,400
551,"https://azulejos-portadas.s3.amazonaws.com/551.jpg","2018-07-20 17:31:50","2019-01-22 01:58:11",904,"400x400","400_904.png",55053,400,400
549,"https://azulejos-portadas.s3.amazonaws.com/549.jpg","2018-07-20 16:58:35","2019-01-22 01:58:11",886,"400x400","400_886.png",63198,400,400
542,"https://azulejos-portadas.s3.amazonaws.com/542.jpg","2018-07-20 16:18:06","2019-01-22 01:58:11",833,"400x400","400_833.png",37305,400,400
54,"https://azulejos-portadas.s3.amazonaws.com/54.jpg","2018-07-03 15:34:01","2019-01-22 01:58:11",1279,"400x400","400_1279.png",29129,400,400
537,"https://azulejos-portadas.s3.amazonaws.com/537.jpg","2018-07-20 15:43:29","2019-01-22 01:58:11",971,"400x400","400_971.png",86067,400,400
535,"https://azulejos-portadas.s3.amazonaws.com/535.jpg","2018-07-20 15:37:09","2019-01-22 01:58:11",1002,"400x400","400_1002.png",93414,400,400
533,"https://azulejos-portadas.s3.amazonaws.com/533.jpg","2018-07-20 15:05:30","2019-01-22 01:58:11",991,"400x400","400_991.png",16710,400,400
53,"https://azulejos-portadas.s3.amazonaws.com/53.jpg","2018-07-03 14:56:31","2019-01-22 01:58:11",3149,"400x400","400_3149.png",42390,400,400
520,"https://azulejos-portadas.s3.amazonaws.com/520.jpg","2018-07-19 18:56:43","2019-01-22 01:58:11",817,"400x400","400_817.png",85802,400,400
52,"https://azulejos-portadas.s3.amazonaws.com/52.jpg","2018-07-03 14:56:29","2019-01-22 01:58:11",1385,"400x400","400_1385.png",80050,400,400
51,"https://azulejos-portadas.s3.amazonaws.com/51.jpg","2018-07-03 14:55:14","2019-01-22 01:58:11",2976,"400x400","400_2976.png",30989,400,400
500,"https://azulejos-portadas.s3.amazonaws.com/500.jpg","2018-07-19 16:07:55","2019-01-22 01:58:11",1014,"400x400","400_1014.png",11935,400,400
50,"https://azulejos-portadas.s3.amazonaws.com/50.jpg","2018-07-03 14:54:11","2019-01-22 01:58:11",3032,"400x400","400_3032.png",88777,400,400
5,"https://azulejos-portadas.s3.amazonaws.com/5.jpg","2018-06-26 23:03:58","2019-01-22 01:58:11",7345,"400x400","400_7345.png",43124,400,400
490,"https://azulejos-portadas.s3.amazonaws.com/490.jpg","2018-07-18 22:41:47","2019-01-22 01:58:11",990,"400x400","400_990.png",58660,400,400
49,"https://azulejos-portadas.s3.amazonaws.com/49.jpg","2018-07-03 14:47:52","2019-01-22 01:58:11",1282,"400x400","400_1282.png",46855,400,400
487,"https://azulejos-portadas.s3.amazonaws.com/487.jpg","2018-07-18 22:25:12","2019-01-22 01:58:11",827,"400x400","400_827.png",47420,400,400
486,"https://azulejos-portadas.s3.amazonaws.com/486.jpg","2018-07-18 22:22:12","2019-01-22 01:58:11",841,"400x400","400_841.png",11025,400,400
485,"https://azulejos-portadas.s3.amazonaws.com/485.jpg","2018-07-18 22:17:27","2019-01-22 01:58:11",877,"400x400","400_877.png",4701,400,400
484,"https://azulejos-portadas.s3.amazonaws.com/484.jpg","2018-07-18 22:09:45","2019-01-22 01:58:11",834,"400x400","400_834.png",44514,400,400
480,"https://azulejos-portadas.s3.amazonaws.com/480.jpg","2018-07-18 22:00:47","2019-01-22 01:58:11",838,"400x400","400_838.png",19228,400,400
48,"https://azulejos-portadas.s3.amazonaws.com/48.jpg","2018-07-02 23:02:46","2019-01-22 01:58:11",1384,"400x400","400_1384.png",46539,400,400
477,"https://azulejos-portadas.s3.amazonaws.com/477.jpg","2018-07-18 21:51:33","2019-01-22 01:58:11",941,"400x400","400_941.png",20610,400,400
476,"https://azulejos-portadas.s3.amazonaws.com/476.jpg","2018-07-18 21:43:22","2019-01-22 01:58:11",867,"400x400","400_867.png",75256,400,400
475,"https://azulejos-portadas.s3.amazonaws.com/475.jpg","2018-07-18 21:40:13","2019-01-22 01:58:11",939,"400x400","400_939.png",42880,400,400
473,"https://azulejos-portadas.s3.amazonaws.com/473.jpg","2018-07-18 21:13:27","2019-01-22 01:58:11",923,"400x400","400_923.png",541,400,400
472,"https://azulejos-portadas.s3.amazonaws.com/472.jpg","2018-07-18 21:10:25","2019-01-22 01:58:11",915,"400x400","400_915.png",91125,400,400
471,"https://azulejos-portadas.s3.amazonaws.com/471.jpg","2018-07-18 21:00:05","2019-01-22 01:58:11",919,"400x400","400_919.png",37019,400,400
470,"https://azulejos-portadas.s3.amazonaws.com/470.jpg","2018-07-18 20:59:01","2019-01-22 01:58:11",921,"400x400","400_921.png",99450,400,400
47,"https://azulejos-portadas.s3.amazonaws.com/47.jpg","2018-07-02 22:53:48","2019-01-22 01:58:11",1414,"400x400","400_1414.png",90746,400,400
469,"https://azulejos-portadas.s3.amazonaws.com/469.jpg","2018-07-18 19:02:27","2019-01-22 01:58:11",820,"400x400","400_820.png",70155,400,400
468,"https://azulejos-portadas.s3.amazonaws.com/468.jpg","2018-07-18 16:39:03","2019-01-22 01:58:11",913,"400x400","400_913.png",42829,400,400
467,"https://azulejos-portadas.s3.amazonaws.com/467.jpg","2018-07-18 16:27:36","2019-01-22 01:58:11",974,"400x400","400_974.png",92734,400,400
466,"https://azulejos-portadas.s3.amazonaws.com/466.jpg","2018-07-18 16:24:40","2019-01-22 01:58:11",998,"400x400","400_998.png",97202,400,400
465,"https://azulejos-portadas.s3.amazonaws.com/465.jpg","2018-07-18 16:21:37","2019-01-22 01:58:11",862,"400x400","400_862.png",18885,400,400
464,"https://azulejos-portadas.s3.amazonaws.com/464.jpg","2018-07-18 16:17:00","2019-01-22 01:58:11",815,"400x400","400_815.png",28351,400,400
463,"https://azulejos-portadas.s3.amazonaws.com/463.jpg","2018-07-18 16:11:51","2019-01-22 01:58:11",1007,"400x400","400_1007.png",63286,400,400
462,"https://azulejos-portadas.s3.amazonaws.com/462.jpg","2018-07-18 16:00:17","2019-01-22 01:58:11",835,"400x400","400_835.png",62108,400,400
461,"https://azulejos-portadas.s3.amazonaws.com/461.jpg","2018-07-18 15:59:10","2019-01-22 01:58:11",828,"400x400","400_828.png",50305,400,400
460,"https://azulejos-portadas.s3.amazonaws.com/460.jpg","2018-07-18 15:57:02","2019-01-22 01:58:11",842,"400x400","400_842.png",60712,400,400
46,"https://azulejos-portadas.s3.amazonaws.com/46.jpg","2018-07-02 22:51:26","2019-01-22 01:58:11",7355,"400x400","400_7355.png",84900,400,400
459,"https://azulejos-portadas.s3.amazonaws.com/459.jpg","2018-07-18 15:41:02","2019-01-22 01:58:11",1005,"400x400","400_1005.png",86691,400,400
458,"https://azulejos-portadas.s3.amazonaws.com/458.jpg","2018-07-18 15:39:43","2019-01-22 01:58:11",905,"400x400","400_905.png",89608,400,400
457,"https://azulejos-portadas.s3.amazonaws.com/457.jpg","2018-07-18 14:48:41","2019-01-22 01:58:11",902,"400x400","400_902.png",81124,400,400
456,"https://azulejos-portadas.s3.amazonaws.com/456.jpg","2018-07-17 18:42:44","2019-01-22 01:58:11",7511,"400x400","400_7511.png",35736,400,400
455,"https://azulejos-portadas.s3.amazonaws.com/455.jpg","2018-07-16 21:26:25","2019-01-22 01:58:11",1320,"400x400","400_1320.png",95365,400,400
453,"https://azulejos-portadas.s3.amazonaws.com/453.jpg","2018-07-16 15:02:23","2019-01-22 01:58:11",1276,"400x400","400_1276.png",63311,400,400
452,"https://azulejos-portadas.s3.amazonaws.com/452.jpg","2018-07-15 00:37:11","2019-01-22 01:58:11",937,"400x400","400_937.png",41949,400,400
451,"https://azulejos-portadas.s3.amazonaws.com/451.jpg","2018-07-15 00:35:07","2019-01-22 01:58:11",808,"400x400","400_808.png",97791,400,400
450,"https://azulejos-portadas.s3.amazonaws.com/450.jpg","2018-07-13 22:15:13","2019-01-22 01:58:11",1294,"400x400","400_1294.png",31776,400,400
45,"https://azulejos-portadas.s3.amazonaws.com/45.jpg","2018-07-02 22:45:21","2019-01-22 01:58:11",1383,"400x400","400_1383.png",58442,400,400
449,"https://azulejos-portadas.s3.amazonaws.com/449.jpg","2018-07-13 21:29:12","2019-01-22 01:58:11",7405,"400x400","400_7405.png",74060,400,400
448,"https://azulejos-portadas.s3.amazonaws.com/448.jpg","2018-07-13 20:59:37","2019-01-22 01:58:11",7394,"400x400","400_7394.png",73663,400,400
447,"https://azulejos-portadas.s3.amazonaws.com/447.jpg","2018-07-13 18:24:39","2019-01-22 01:58:11",1415,"400x400","400_1415.png",22712,400,400
446,"https://azulejos-portadas.s3.amazonaws.com/446.jpg","2018-07-13 16:32:05","2019-01-22 01:58:11",NULL,"400x400","400_null.png",3207,400,400
445,"https://azulejos-portadas.s3.amazonaws.com/445.jpg","2018-07-12 16:19:37","2019-01-22 01:58:11",994,"400x400","400_994.png",2528,400,400
444,"https://azulejos-portadas.s3.amazonaws.com/444.jpg","2018-07-12 16:17:00","2019-01-22 01:58:11",993,"400x400","400_993.png",9177,400,400
443,"https://azulejos-portadas.s3.amazonaws.com/443.jpg","2018-07-11 20:41:01","2019-01-22 01:58:11",7627,"400x400","400_7627.png",10116,400,400
442,"https://azulejos-portadas.s3.amazonaws.com/442.jpg","2018-07-11 16:36:57","2019-01-22 01:58:11",7626,"400x400","400_7626.png",44909,400,400
440,"https://azulejos-portadas.s3.amazonaws.com/440.jpg","2018-07-11 15:51:47","2019-01-22 01:58:11",7623,"400x400","400_7623.png",79490,400,400
44,"https://azulejos-portadas.s3.amazonaws.com/44.jpg","2018-07-02 22:37:02","2019-01-22 01:58:11",1816,"400x400","400_1816.png",30,400,400
438,"https://azulejos-portadas.s3.amazonaws.com/438.jpg","2018-07-11 15:37:22","2019-01-22 01:58:11",7622,"400x400","400_7622.png",63939,400,400
436,"https://azulejos-portadas.s3.amazonaws.com/436.jpg","2018-07-10 15:58:40","2019-01-22 01:58:11",7620,"400x400","400_7620.png",92419,400,400
435,"https://azulejos-portadas.s3.amazonaws.com/435.jpg","2018-07-10 15:57:48","2019-01-22 01:58:11",7619,"400x400","400_7619.png",87052,400,400
434,"https://azulejos-portadas.s3.amazonaws.com/434.jpg","2018-07-10 15:50:19","2019-01-22 01:58:11",7617,"400x400","400_7617.png",52687,400,400
433,"https://azulejos-portadas.s3.amazonaws.com/433.jpg","2018-07-10 15:48:39","2019-01-22 01:58:11",7616,"400x400","400_7616.png",6079,400,400
432,"https://azulejos-portadas.s3.amazonaws.com/432.jpg","2018-07-10 15:47:14","2019-01-22 01:58:11",7618,"400x400","400_7618.png",72398,400,400
431,"https://azulejos-portadas.s3.amazonaws.com/431.jpg","2018-07-10 14:31:36","2019-01-22 01:58:11",7615,"400x400","400_7615.png",36456,400,400
430,"https://azulejos-portadas.s3.amazonaws.com/430.jpg","2018-07-10 14:29:37","2019-01-22 01:58:11",NULL,"400x400","400_null.png",95192,400,400
426,"https://azulejos-portadas.s3.amazonaws.com/426.jpg","2018-07-10 14:16:09","2019-01-22 01:58:11",1327,"400x400","400_1327.png",40809,400,400
424,"https://azulejos-portadas.s3.amazonaws.com/424.jpg","2018-07-09 22:33:07","2019-01-22 01:58:11",7614,"400x400","400_7614.png",95658,400,400
423,"https://azulejos-portadas.s3.amazonaws.com/423.jpg","2018-07-09 22:30:58","2019-01-22 01:58:11",7613,"400x400","400_7613.png",55109,400,400
421,"https://azulejos-portadas.s3.amazonaws.com/421.jpg","2018-07-09 22:28:21","2019-01-22 01:58:11",NULL,"400x400","400_null.png",17118,400,400
420,"https://azulejos-portadas.s3.amazonaws.com/420.jpg","2018-07-09 22:21:20","2019-01-22 01:58:11",1288,"400x400","400_1288.png",68202,400,400
419,"https://azulejos-portadas.s3.amazonaws.com/419.jpg","2018-07-09 22:18:08","2019-01-22 01:58:11",7611,"400x400","400_7611.png",92079,400,400
417,"https://azulejos-portadas.s3.amazonaws.com/417.jpg","2018-07-09 22:13:11","2019-01-22 01:58:11",7610,"400x400","400_7610.png",69740,400,400
414,"https://azulejos-portadas.s3.amazonaws.com/414.jpg","2018-07-09 21:57:02","2019-01-22 01:58:11",1328,"400x400","400_1328.png",84313,400,400
413,"https://azulejos-portadas.s3.amazonaws.com/413.jpg","2018-07-09 21:54:33","2019-01-22 01:58:11",1341,"400x400","400_1341.png",50394,400,400
41,"https://azulejos-portadas.s3.amazonaws.com/41.jpg","2018-07-02 22:33:19","2019-01-22 01:58:11",1304,"400x400","400_1304.png",97633,400,400
408,"https://azulejos-portadas.s3.amazonaws.com/408.jpg","2018-07-09 21:42:27","2019-01-22 01:58:11",7606,"400x400","400_7606.png",70689,400,400
403,"https://azulejos-portadas.s3.amazonaws.com/403.jpg","2018-07-09 21:16:35","2019-01-22 01:58:11",7601,"400x400","400_7601.png",3427,400,400
402,"https://azulejos-portadas.s3.amazonaws.com/402.jpg","2018-07-09 21:16:19","2019-01-22 01:58:11",7600,"400x400","400_7600.png",84032,400,400
401,"https://azulejos-portadas.s3.amazonaws.com/401.jpg","2018-07-09 21:15:59","2019-01-22 01:58:11",7599,"400x400","400_7599.png",38135,400,400
400,"https://azulejos-portadas.s3.amazonaws.com/400.jpg","2018-07-09 20:56:49","2019-01-22 01:58:11",7598,"400x400","400_7598.png",30965,400,400
399,"https://azulejos-portadas.s3.amazonaws.com/399.jpg","2018-07-09 20:56:20","2019-01-22 01:58:11",7597,"400x400","400_7597.png",34510,400,400
395,"https://azulejos-portadas.s3.amazonaws.com/395.jpg","2018-07-09 20:53:56","2019-01-22 01:58:11",1350,"400x400","400_1350.png",51304,400,400
394,"https://azulejos-portadas.s3.amazonaws.com/394.jpg","2018-07-09 19:25:51","2019-01-22 01:58:11",7595,"400x400","400_7595.png",30886,400,400
393,"https://azulejos-portadas.s3.amazonaws.com/393.jpg","2018-07-09 19:25:02","2019-01-22 01:58:11",7594,"400x400","400_7594.png",73404,400,400
392,"https://azulejos-portadas.s3.amazonaws.com/392.jpg","2018-07-09 19:23:28","2019-01-22 01:58:11",7593,"400x400","400_7593.png",33927,400,400
390,"https://azulejos-portadas.s3.amazonaws.com/390.jpg","2018-07-09 19:21:35","2019-01-22 01:58:11",7592,"400x400","400_7592.png",61435,400,400
39,"https://azulejos-portadas.s3.amazonaws.com/39.jpg","2018-07-02 22:17:18","2019-01-22 01:58:11",1331,"400x400","400_1331.png",87166,400,400
389,"https://azulejos-portadas.s3.amazonaws.com/389.jpg","2018-07-09 19:20:12","2019-01-22 01:58:11",1260,"400x400","400_1260.png",51236,400,400
388,"https://azulejos-portadas.s3.amazonaws.com/388.jpg","2018-07-09 19:14:58","2019-01-22 01:58:11",1319,"400x400","400_1319.png",47052,400,400
386,"https://azulejos-portadas.s3.amazonaws.com/386.jpg","2018-07-09 19:07:02","2019-01-22 01:58:11",7591,"400x400","400_7591.png",72349,400,400
385,"https://azulejos-portadas.s3.amazonaws.com/385.jpg","2018-07-09 19:04:39","2019-01-22 01:58:11",1310,"400x400","400_1310.png",62109,400,400
383,"https://azulejos-portadas.s3.amazonaws.com/383.jpg","2018-07-09 18:44:54","2019-01-22 01:58:11",1431,"400x400","400_1431.png",41372,400,400
381,"https://azulejos-portadas.s3.amazonaws.com/381.jpg","2018-07-09 18:22:58","2019-01-22 01:58:11",7590,"400x400","400_7590.png",72752,400,400
380,"https://azulejos-portadas.s3.amazonaws.com/380.jpg","2018-07-09 18:20:08","2019-01-22 01:58:11",7589,"400x400","400_7589.png",71875,400,400
378,"https://azulejos-portadas.s3.amazonaws.com/378.jpg","2018-07-09 17:52:24","2019-01-22 01:58:11",7381,"400x400","400_7381.png",54892,400,400
376,"https://azulejos-portadas.s3.amazonaws.com/376.jpg","2018-07-09 17:50:10","2019-01-22 01:58:11",7380,"400x400","400_7380.png",99753,400,400
375,"https://azulejos-portadas.s3.amazonaws.com/375.jpg","2018-07-09 17:49:22","2019-01-22 01:58:11",7588,"400x400","400_7588.png",36068,400,400
374,"https://azulejos-portadas.s3.amazonaws.com/374.jpg","2018-07-09 17:49:18","2019-01-22 01:58:11",7379,"400x400","400_7379.png",54722,400,400
373,"https://azulejos-portadas.s3.amazonaws.com/373.jpg","2018-07-09 17:47:53","2019-01-22 01:58:11",7378,"400x400","400_7378.png",7359,400,400
372,"https://azulejos-portadas.s3.amazonaws.com/372.jpg","2018-07-09 17:46:48","2019-01-22 01:58:11",7377,"400x400","400_7377.png",14688,400,400
371,"https://azulejos-portadas.s3.amazonaws.com/371.jpg","2018-07-09 17:45:48","2019-01-22 01:58:11",7376,"400x400","400_7376.png",23471,400,400
370,"https://azulejos-portadas.s3.amazonaws.com/370.jpg","2018-07-09 17:42:28","2019-01-22 01:58:11",1756,"400x400","400_1756.png",10145,400,400
37,"https://azulejos-portadas.s3.amazonaws.com/37.jpg","2018-07-02 22:11:07","2019-01-22 01:58:11",1411,"400x400","400_1411.png",63103,400,400
369,"https://azulejos-portadas.s3.amazonaws.com/369.jpg","2018-07-09 17:36:36","2019-01-22 01:58:11",NULL,"400x400","400_null.png",18842,400,400
368,"https://azulejos-portadas.s3.amazonaws.com/368.jpg","2018-07-09 17:31:38","2019-01-22 01:58:11",7403,"400x400","400_7403.png",12229,400,400
367,"https://azulejos-portadas.s3.amazonaws.com/367.jpg","2018-07-09 17:22:43","2019-01-22 01:58:11",7586,"400x400","400_7586.png",43465,400,400
366,"https://azulejos-portadas.s3.amazonaws.com/366.jpg","2018-07-09 17:21:54","2019-01-22 01:58:11",1258,"400x400","400_1258.png",58175,400,400
365,"https://azulejos-portadas.s3.amazonaws.com/365.jpg","2018-07-09 17:19:20","2019-01-22 01:58:11",7393,"400x400","400_7393.png",14252,400,400
364,"https://azulejos-portadas.s3.amazonaws.com/364.jpg","2018-07-09 17:15:15","2019-01-22 01:58:11",7399,"400x400","400_7399.png",51672,400,400
360,"https://azulejos-portadas.s3.amazonaws.com/360.jpg","2018-07-09 17:12:37","2019-01-22 01:58:11",7397,"400x400","400_7397.png",14292,400,400
358,"https://azulejos-portadas.s3.amazonaws.com/358.jpg","2018-07-09 17:10:28","2019-01-22 01:58:11",1758,"400x400","400_1758.png",5120,400,400
350,"https://azulejos-portadas.s3.amazonaws.com/350.jpg","2018-07-09 16:48:45","2019-01-22 01:58:11",7406,"400x400","400_7406.png",73824,400,400
35,"https://azulejos-portadas.s3.amazonaws.com/35.jpg","2018-07-02 22:07:39","2019-01-22 01:58:11",1380,"400x400","400_1380.png",27056,400,400
349,"https://azulejos-portadas.s3.amazonaws.com/349.jpg","2018-07-09 16:43:13","2019-01-22 01:58:11",7570,"400x400","400_7570.png",97779,400,400
347,"https://azulejos-portadas.s3.amazonaws.com/347.jpg","2018-07-09 16:39:43","2019-01-22 01:58:11",1400,"400x400","400_1400.png",93170,400,400
346,"https://azulejos-portadas.s3.amazonaws.com/346.jpg","2018-07-09 16:38:25","2019-01-22 01:58:11",7568,"400x400","400_7568.png",54578,400,400
344,"https://azulejos-portadas.s3.amazonaws.com/344.jpg","2018-07-09 16:34:14","2019-01-22 01:58:11",7537,"400x400","400_7537.png",74636,400,400
340,"https://azulejos-portadas.s3.amazonaws.com/340.jpg","2018-07-09 16:29:08","2019-01-22 01:58:11",NULL,"400x400","400_null.png",55707,400,400
34,"https://azulejos-portadas.s3.amazonaws.com/34.jpg","2018-07-02 22:05:11","2019-01-22 01:58:11",1868,"400x400","400_1868.png",26477,400,400
337,"https://azulejos-portadas.s3.amazonaws.com/337.jpg","2018-07-09 16:18:15","2019-01-22 01:58:11",7581,"400x400","400_7581.png",16544,400,400
336,"https://azulejos-portadas.s3.amazonaws.com/336.jpg","2018-07-09 16:00:25","2019-01-22 01:58:11",7418,"400x400","400_7418.png",68698,400,400
335,"https://azulejos-portadas.s3.amazonaws.com/335.jpg","2018-07-09 15:45:23","2019-01-22 01:58:11",7580,"400x400","400_7580.png",84359,400,400
334,"https://azulejos-portadas.s3.amazonaws.com/334.jpg","2018-07-09 15:34:34","2019-01-22 01:58:11",7578,"400x400","400_7578.png",79488,400,400
333,"https://azulejos-portadas.s3.amazonaws.com/333.jpg","2018-07-09 15:32:48","2019-01-22 01:58:11",1762,"400x400","400_1762.png",28751,400,400
332,"https://azulejos-portadas.s3.amazonaws.com/332.jpg","2018-07-09 15:28:55","2019-01-22 01:58:11",1352,"400x400","400_1352.png",74485,400,400
330,"https://azulejos-portadas.s3.amazonaws.com/330.jpg","2018-07-09 15:23:03","2019-01-22 01:58:11",7575,"400x400","400_7575.png",43093,400,400
33,"https://azulejos-portadas.s3.amazonaws.com/33.jpg","2018-07-02 21:56:44","2019-01-22 01:58:11",2973,"400x400","400_2973.png",84752,400,400
329,"https://azulejos-portadas.s3.amazonaws.com/329.jpg","2018-07-09 15:21:34","2019-01-22 01:58:11",1351,"400x400","400_1351.png",99703,400,400
328,"https://azulejos-portadas.s3.amazonaws.com/328.jpg","2018-07-09 15:18:08","2019-01-22 01:58:11",1302,"400x400","400_1302.png",67395,400,400
327,"https://azulejos-portadas.s3.amazonaws.com/327.jpg","2018-07-05 22:52:02","2019-01-22 01:58:11",7392,"400x400","400_7392.png",32015,400,400
326,"https://azulejos-portadas.s3.amazonaws.com/326.jpg","2018-07-05 22:50:38","2019-01-22 01:58:11",7391,"400x400","400_7391.png",76498,400,400
325,"https://azulejos-portadas.s3.amazonaws.com/325.jpg","2018-07-05 22:48:47","2019-01-22 01:58:11",7390,"400x400","400_7390.png",97042,400,400
324,"https://azulejos-portadas.s3.amazonaws.com/324.jpg","2018-07-05 22:46:53","2019-01-22 01:58:11",7389,"400x400","400_7389.png",4407,400,400
323,"https://azulejos-portadas.s3.amazonaws.com/323.jpg","2018-07-05 22:42:15","2019-01-22 01:58:11",7410,"400x400","400_7410.png",23004,400,400
322,"https://azulejos-portadas.s3.amazonaws.com/322.jpg","2018-07-05 22:34:45","2019-01-22 01:58:11",7409,"400x400","400_7409.png",16869,400,400
320,"https://azulejos-portadas.s3.amazonaws.com/320.jpg","2018-07-05 22:21:33","2019-01-22 01:58:11",7420,"400x400","400_7420.png",37705,400,400
32,"https://azulejos-portadas.s3.amazonaws.com/32.jpg","2018-07-02 21:56:17","2019-01-22 01:58:11",1249,"400x400","400_1249.png",19278,400,400
319,"https://azulejos-portadas.s3.amazonaws.com/319.jpg","2018-07-05 22:21:06","2019-01-22 01:58:11",1429,"400x400","400_1429.png",4427,400,400
317,"https://azulejos-portadas.s3.amazonaws.com/317.jpg","2018-07-05 22:06:29","2019-01-22 01:58:11",7547,"400x400","400_7547.png",24341,400,400
316,"https://azulejos-portadas.s3.amazonaws.com/316.jpg","2018-07-05 22:04:06","2019-01-22 01:58:11",7549,"400x400","400_7549.png",46016,400,400
315,"https://azulejos-portadas.s3.amazonaws.com/315.jpg","2018-07-05 22:01:47","2019-01-22 01:58:11",2897,"400x400","400_2897.png",510,400,400
314,"https://azulejos-portadas.s3.amazonaws.com/314.jpg","2018-07-05 21:59:07","2019-01-22 01:58:11",3134,"400x400","400_3134.png",34738,400,400
313,"https://azulejos-portadas.s3.amazonaws.com/313.jpg","2018-07-05 21:57:21","2019-01-22 01:58:11",3011,"400x400","400_3011.png",95770,400,400
312,"https://azulejos-portadas.s3.amazonaws.com/312.jpg","2018-07-05 21:56:37","2019-01-22 01:58:11",7567,"400x400","400_7567.png",25172,400,400
311,"https://azulejos-portadas.s3.amazonaws.com/311.jpg","2018-07-05 21:55:06","2019-01-22 01:58:11",1242,"400x400","400_1242.png",19025,400,400
310,"https://azulejos-portadas.s3.amazonaws.com/310.jpg","2018-07-05 21:54:30","2019-01-22 01:58:11",2818,"400x400","400_2818.png",37429,400,400
31,"https://azulejos-portadas.s3.amazonaws.com/31.jpg","2018-07-02 21:49:55","2019-01-22 01:58:11",1265,"400x400","400_1265.png",95803,400,400
309,"https://azulejos-portadas.s3.amazonaws.com/309.jpg","2018-07-05 21:50:08","2019-01-22 01:58:11",3063,"400x400","400_3063.png",50492,400,400
308,"https://azulejos-portadas.s3.amazonaws.com/308.jpg","2018-07-05 21:45:24","2019-01-22 01:58:11",7566,"400x400","400_7566.png",36716,400,400
307,"https://azulejos-portadas.s3.amazonaws.com/307.jpg","2018-07-05 21:44:44","2019-01-22 01:58:11",7387,"400x400","400_7387.png",33570,400,400
306,"https://azulejos-portadas.s3.amazonaws.com/306.jpg","2018-07-05 21:43:23","2019-01-22 01:58:11",7565,"400x400","400_7565.png",77661,400,400
305,"https://azulejos-portadas.s3.amazonaws.com/305.jpg","2018-07-05 21:42:27","2019-01-22 01:58:11",2823,"400x400","400_2823.png",67855,400,400
304,"https://azulejos-portadas.s3.amazonaws.com/304.jpg","2018-07-05 21:41:36","2019-01-22 01:58:11",1347,"400x400","400_1347.png",83981,400,400
303,"https://azulejos-portadas.s3.amazonaws.com/303.jpg","2018-07-05 21:41:06","2019-01-22 01:58:11",7386,"400x400","400_7386.png",19223,400,400
302,"https://azulejos-portadas.s3.amazonaws.com/302.jpg","2018-07-05 21:39:13","2019-01-22 01:58:11",7385,"400x400","400_7385.png",40703,400,400
301,"https://azulejos-portadas.s3.amazonaws.com/301.jpg","2018-07-05 21:38:30","2019-01-22 01:58:11",7383,"400x400","400_7383.png",14687,400,400
286,"https://azulejos-portadas.s3.amazonaws.com/286.jpg","2018-07-05 21:21:58","2019-01-22 01:58:11",7560,"400x400","400_7560.png",9667,400,400
285,"https://azulejos-portadas.s3.amazonaws.com/285.jpg","2018-07-05 21:21:02","2019-01-22 01:58:11",1404,"400x400","400_1404.png",19659,400,400
284,"https://azulejos-portadas.s3.amazonaws.com/284.jpg","2018-07-05 21:20:53","2019-01-22 01:58:11",7558,"400x400","400_7558.png",35744,400,400
283,"https://azulejos-portadas.s3.amazonaws.com/283.jpg","2018-07-05 21:19:11","2019-01-22 01:58:11",1309,"400x400","400_1309.png",91552,400,400
282,"https://azulejos-portadas.s3.amazonaws.com/282.jpg","2018-07-05 21:16:40","2019-01-22 01:58:11",7557,"400x400","400_7557.png",91334,400,400
281,"https://azulejos-portadas.s3.amazonaws.com/281.jpg","2018-07-05 21:13:45","2019-01-22 01:58:11",1398,"400x400","400_1398.png",40090,400,400
280,"https://azulejos-portadas.s3.amazonaws.com/280.jpg","2018-07-05 19:12:32","2019-01-22 01:58:11",7553,"400x400","400_7553.png",21656,400,400
28,"https://azulejos-portadas.s3.amazonaws.com/28.jpg","2018-07-02 21:39:28","2019-01-22 01:58:11",1241,"400x400","400_1241.png",30545,400,400
279,"https://azulejos-portadas.s3.amazonaws.com/279.jpg","2018-07-05 19:11:51","2019-01-22 01:58:11",7551,"400x400","400_7551.png",81040,400,400
278,"https://azulejos-portadas.s3.amazonaws.com/278.jpg","2018-07-05 19:11:08","2019-01-22 01:58:11",7550,"400x400","400_7550.png",70639,400,400
277,"https://azulejos-portadas.s3.amazonaws.com/277.jpg","2018-07-05 19:10:33","2019-01-22 01:58:11",2817,"400x400","400_2817.png",24564,400,400
275,"https://azulejos-portadas.s3.amazonaws.com/275.jpg","2018-07-05 19:03:32","2019-01-22 01:58:11",7555,"400x400","400_7555.png",49592,400,400
274,"https://azulejos-portadas.s3.amazonaws.com/274.jpg","2018-07-05 18:59:00","2019-01-22 01:58:11",7554,"400x400","400_7554.png",24534,400,400
273,"https://azulejos-portadas.s3.amazonaws.com/273.jpg","2018-07-05 18:57:57","2019-01-22 01:58:11",7552,"400x400","400_7552.png",92947,400,400
272,"https://azulejos-portadas.s3.amazonaws.com/272.jpg","2018-07-05 18:55:09","2019-01-22 01:58:11",1278,"400x400","400_1278.png",87096,400,400
271,"https://azulejos-portadas.s3.amazonaws.com/271.jpg","2018-07-05 18:40:34","2019-01-22 01:58:11",1733,"400x400","400_1733.png",62342,400,400
270,"https://azulejos-portadas.s3.amazonaws.com/270.jpg","2018-07-05 18:39:22","2019-01-22 01:58:11",1755,"400x400","400_1755.png",5394,400,400
269,"https://azulejos-portadas.s3.amazonaws.com/269.jpg","2018-07-05 18:38:53","2019-01-22 01:58:11",1397,"400x400","400_1397.png",90814,400,400
268,"https://azulejos-portadas.s3.amazonaws.com/268.jpg","2018-07-05 18:37:42","2019-01-22 01:58:11",7543,"400x400","400_7543.png",66854,400,400
267,"https://azulejos-portadas.s3.amazonaws.com/267.jpg","2018-07-05 18:35:34","2019-01-22 01:58:11",1759,"400x400","400_1759.png",24933,400,400
266,"https://azulejos-portadas.s3.amazonaws.com/266.jpg","2018-07-05 18:33:54","2019-01-22 01:58:11",7541,"400x400","400_7541.png",49589,400,400
265,"https://azulejos-portadas.s3.amazonaws.com/265.jpg","2018-07-05 18:32:41","2019-01-22 01:58:11",1299,"400x400","400_1299.png",91927,400,400
264,"https://azulejos-portadas.s3.amazonaws.com/264.jpg","2018-07-05 18:28:16","2019-01-22 01:58:11",7540,"400x400","400_7540.png",17455,400,400
263,"https://azulejos-portadas.s3.amazonaws.com/263.jpg","2018-07-05 18:25:28","2019-01-22 01:58:11",7539,"400x400","400_7539.png",27231,400,400
262,"https://azulejos-portadas.s3.amazonaws.com/262.jpg","2018-07-05 18:23:58","2019-01-22 01:58:11",1243,"400x400","400_1243.png",39447,400,400
261,"https://azulejos-portadas.s3.amazonaws.com/261.jpg","2018-07-05 17:53:43","2019-01-22 01:58:11",NULL,"400x400","400_null.png",42113,400,400
260,"https://azulejos-portadas.s3.amazonaws.com/260.jpg","2018-07-05 17:48:57","2019-01-22 01:58:11",7536,"400x400","400_7536.png",71897,400,400
26,"https://azulejos-portadas.s3.amazonaws.com/26.jpg","2018-07-02 17:36:22","2019-01-22 01:58:11",1365,"400x400","400_1365.png",25481,400,400
258,"https://azulejos-portadas.s3.amazonaws.com/258.jpg","2018-07-05 17:33:54","2019-01-22 01:58:11",7531,"400x400","400_7531.png",73121,400,400
257,"https://azulejos-portadas.s3.amazonaws.com/257.jpg","2018-07-05 17:22:54","2019-01-22 01:58:11",7534,"400x400","400_7534.png",8397,400,400
255,"https://azulejos-portadas.s3.amazonaws.com/255.jpg","2018-07-05 17:19:52","2019-01-22 01:58:11",NULL,"400x400","400_null.png",78370,400,400
254,"https://azulejos-portadas.s3.amazonaws.com/254.jpg","2018-07-05 17:18:23","2019-01-22 01:58:11",1280,"400x400","400_1280.png",28443,400,400
253,"https://azulejos-portadas.s3.amazonaws.com/253.jpg","2018-07-05 17:14:30","2019-01-22 01:58:11",1345,"400x400","400_1345.png",87790,400,400
252,"https://azulejos-portadas.s3.amazonaws.com/252.jpg","2018-07-05 17:01:55","2019-01-22 01:58:11",7527,"400x400","400_7527.png",66629,400,400
251,"https://azulejos-portadas.s3.amazonaws.com/251.jpg","2018-07-05 17:00:14","2019-01-22 01:58:11",1379,"400x400","400_1379.png",8743,400,400
250,"https://azulejos-portadas.s3.amazonaws.com/250.jpg","2018-07-05 16:58:17","2019-01-22 01:58:11",7526,"400x400","400_7526.png",92338,400,400
25,"https://azulejos-portadas.s3.amazonaws.com/25.jpg","2018-07-02 17:32:55","2019-01-22 01:58:11",7356,"400x400","400_7356.png",8445,400,400
249,"https://azulejos-portadas.s3.amazonaws.com/249.jpg","2018-07-05 16:57:40","2019-01-22 01:58:11",1330,"400x400","400_1330.png",29686,400,400
248,"https://azulejos-portadas.s3.amazonaws.com/248.jpg","2018-07-05 16:57:19","2019-01-22 01:58:11",7525,"400x400","400_7525.png",58580,400,400
247,"https://azulejos-portadas.s3.amazonaws.com/247.jpg","2018-07-05 16:56:38","2019-01-22 01:58:11",7524,"400x400","400_7524.png",25504,400,400
246,"https://azulejos-portadas.s3.amazonaws.com/246.jpg","2018-07-05 16:55:25","2019-01-22 01:58:11",7523,"400x400","400_7523.png",41026,400,400
245,"https://azulejos-portadas.s3.amazonaws.com/245.jpg","2018-07-05 16:54:51","2019-01-22 01:58:11",7522,"400x400","400_7522.png",51606,400,400
244,"https://azulejos-portadas.s3.amazonaws.com/244.jpg","2018-07-05 16:54:21","2019-01-22 01:58:11",1285,"400x400","400_1285.png",23863,400,400
243,"https://azulejos-portadas.s3.amazonaws.com/243.jpg","2018-07-05 16:53:48","2019-01-22 01:58:11",7521,"400x400","400_7521.png",9628,400,400
242,"https://azulejos-portadas.s3.amazonaws.com/242.jpg","2018-07-05 16:52:33","2019-01-22 01:58:11",7520,"400x400","400_7520.png",13152,400,400
241,"https://azulejos-portadas.s3.amazonaws.com/241.jpg","2018-07-05 16:50:54","2019-01-22 01:58:11",1355,"400x400","400_1355.png",33849,400,400
240,"https://azulejos-portadas.s3.amazonaws.com/240.jpg","2018-07-05 16:46:41","2019-01-22 01:58:11",NULL,"400x400","400_null.png",40038,400,400
24,"https://azulejos-portadas.s3.amazonaws.com/24.jpg","2018-07-02 17:28:14","2019-01-22 01:58:11",7357,"400x400","400_7357.png",84119,400,400
239,"https://azulejos-portadas.s3.amazonaws.com/239.jpg","2018-07-05 16:45:46","2019-01-22 01:58:11",1390,"400x400","400_1390.png",30879,400,400
238,"https://azulejos-portadas.s3.amazonaws.com/238.jpg","2018-07-05 16:15:04","2019-01-22 01:58:11",7517,"400x400","400_7517.png",36926,400,400
237,"https://azulejos-portadas.s3.amazonaws.com/237.jpg","2018-07-05 16:13:51","2019-01-22 01:58:11",7516,"400x400","400_7516.png",83616,400,400
236,"https://azulejos-portadas.s3.amazonaws.com/236.jpg","2018-07-05 16:12:52","2019-01-22 01:58:11",7515,"400x400","400_7515.png",77640,400,400
235,"https://azulejos-portadas.s3.amazonaws.com/235.jpg","2018-07-05 16:10:25","2019-01-22 01:58:11",1760,"400x400","400_1760.png",56451,400,400
234,"https://azulejos-portadas.s3.amazonaws.com/234.jpg","2018-07-05 16:08:16","2019-01-22 01:58:11",1425,"400x400","400_1425.png",95690,400,400
233,"https://azulejos-portadas.s3.amazonaws.com/233.jpg","2018-07-05 16:06:32","2019-01-22 01:58:11",1321,"400x400","400_1321.png",79833,400,400
232,"https://azulejos-portadas.s3.amazonaws.com/232.jpg","2018-07-05 15:43:11","2019-01-22 01:58:11",7512,"400x400","400_7512.png",25525,400,400
230,"https://azulejos-portadas.s3.amazonaws.com/230.jpg","2018-07-05 15:41:49","2019-01-22 01:58:11",1297,"400x400","400_1297.png",89107,400,400
23,"https://azulejos-portadas.s3.amazonaws.com/23.jpg","2018-06-27 23:27:15","2019-01-22 01:58:11",1754,"400x400","400_1754.png",19902,400,400
229,"https://azulejos-portadas.s3.amazonaws.com/229.jpg","2018-07-05 15:39:44","2019-01-22 01:58:11",1261,"400x400","400_1261.png",68403,400,400
228,"https://azulejos-portadas.s3.amazonaws.com/228.jpg","2018-07-05 15:38:03","2019-01-22 01:58:11",7507,"400x400","400_7507.png",7688,400,400
227,"https://azulejos-portadas.s3.amazonaws.com/227.jpg","2018-07-05 15:37:07","2019-01-22 01:58:11",7506,"400x400","400_7506.png",7324,400,400
226,"https://azulejos-portadas.s3.amazonaws.com/226.jpg","2018-07-05 15:35:45","2019-01-22 01:58:11",7509,"400x400","400_7509.png",96075,400,400
225,"https://azulejos-portadas.s3.amazonaws.com/225.jpg","2018-07-05 15:35:05","2019-01-22 01:58:11",7508,"400x400","400_7508.png",78256,400,400
224,"https://azulejos-portadas.s3.amazonaws.com/224.jpg","2018-07-05 15:34:44","2019-01-22 01:58:11",7505,"400x400","400_7505.png",12403,400,400
223,"https://azulejos-portadas.s3.amazonaws.com/223.jpg","2018-07-05 15:32:42","2019-01-22 01:58:11",7504,"400x400","400_7504.png",74329,400,400
222,"https://azulejos-portadas.s3.amazonaws.com/222.jpg","2018-07-05 15:31:48","2019-01-22 01:58:11",7503,"400x400","400_7503.png",36648,400,400
221,"https://azulejos-portadas.s3.amazonaws.com/221.jpg","2018-07-05 15:30:31","2019-01-22 01:58:11",1262,"400x400","400_1262.png",68229,400,400
220,"https://azulejos-portadas.s3.amazonaws.com/220.jpg","2018-07-05 15:23:38","2019-01-22 01:58:11",7502,"400x400","400_7502.png",48552,400,400
22,"https://azulejos-portadas.s3.amazonaws.com/22.jpg","2018-06-27 23:27:04","2019-01-22 01:58:11",2895,"400x400","400_2895.png",32321,400,400
219,"https://azulejos-portadas.s3.amazonaws.com/219.jpg","2018-07-05 15:22:22","2019-01-22 01:58:11",7501,"400x400","400_7501.png",65161,400,400
218,"https://azulejos-portadas.s3.amazonaws.com/218.jpg","2018-07-05 15:21:46","2019-01-22 01:58:11",7500,"400x400","400_7500.png",74875,400,400
217,"https://azulejos-portadas.s3.amazonaws.com/217.jpg","2018-07-05 15:21:02","2019-01-22 01:58:11",7499,"400x400","400_7499.png",38579,400,400
216,"https://azulejos-portadas.s3.amazonaws.com/216.jpg","2018-07-05 15:19:38","2019-01-22 01:58:11",1296,"400x400","400_1296.png",26145,400,400
215,"https://azulejos-portadas.s3.amazonaws.com/215.jpg","2018-07-04 21:45:47","2019-01-22 01:58:11",NULL,"400x400","400_null.png",70605,400,400
214,"https://azulejos-portadas.s3.amazonaws.com/214.jpg","2018-07-04 21:43:19","2019-01-22 01:58:11",1313,"400x400","400_1313.png",91210,400,400
212,"https://azulejos-portadas.s3.amazonaws.com/212.jpg","2018-07-04 21:39:28","2019-01-22 01:58:11",7497,"400x400","400_7497.png",91621,400,400
211,"https://azulejos-portadas.s3.amazonaws.com/211.jpg","2018-07-04 21:38:08","2019-01-22 01:58:11",NULL,"400x400","400_null.png",26825,400,400
210,"https://azulejos-portadas.s3.amazonaws.com/210.jpg","2018-07-04 21:37:32","2019-01-22 01:58:11",1364,"400x400","400_1364.png",17946,400,400
21,"https://azulejos-portadas.s3.amazonaws.com/21.jpg","2018-06-27 23:25:41","2019-01-22 01:58:11",3122,"400x400","400_3122.png",58790,400,400
209,"https://azulejos-portadas.s3.amazonaws.com/209.jpg","2018-07-04 21:36:57","2019-01-22 01:58:11",7494,"400x400","400_7494.png",56820,400,400
208,"https://azulejos-portadas.s3.amazonaws.com/208.jpg","2018-07-04 21:27:38","2019-01-22 01:58:11",7493,"400x400","400_7493.png",77248,400,400
207,"https://azulejos-portadas.s3.amazonaws.com/207.jpg","2018-07-04 21:26:05","2019-01-22 01:58:11",1281,"400x400","400_1281.png",96392,400,400
206,"https://azulejos-portadas.s3.amazonaws.com/206.jpg","2018-07-04 21:17:46","2019-01-22 01:58:11",7492,"400x400","400_7492.png",29698,400,400
205,"https://azulejos-portadas.s3.amazonaws.com/205.jpg","2018-07-04 21:17:09","2019-01-22 01:58:11",7491,"400x400","400_7491.png",74371,400,400
204,"https://azulejos-portadas.s3.amazonaws.com/204.jpg","2018-07-04 21:16:02","2019-01-22 01:58:11",7490,"400x400","400_7490.png",83447,400,400
203,"https://azulejos-portadas.s3.amazonaws.com/203.jpg","2018-07-04 21:12:13","2019-01-22 01:58:11",1307,"400x400","400_1307.png",60094,400,400
202,"https://azulejos-portadas.s3.amazonaws.com/202.jpg","2018-07-04 21:08:54","2019-01-22 01:58:11",1409,"400x400","400_1409.png",71111,400,400
201,"https://azulejos-portadas.s3.amazonaws.com/201.jpg","2018-07-04 20:50:43","2019-01-22 01:58:11",1408,"400x400","400_1408.png",30967,400,400
199,"https://azulejos-portadas.s3.amazonaws.com/199.jpg","2018-07-04 20:47:08","2019-01-22 01:58:11",7485,"400x400","400_7485.png",49700,400,400
198,"https://azulejos-portadas.s3.amazonaws.com/198.jpg","2018-07-04 20:46:20","2019-01-22 01:58:11",1407,"400x400","400_1407.png",81958,400,400
197,"https://azulejos-portadas.s3.amazonaws.com/197.jpg","2018-07-04 20:46:19","2019-01-22 01:58:11",7486,"400x400","400_7486.png",79133,400,400
195,"https://azulejos-portadas.s3.amazonaws.com/195.jpg","2018-07-04 20:44:54","2019-01-22 01:58:11",7484,"400x400","400_7484.png",8672,400,400
194,"https://azulejos-portadas.s3.amazonaws.com/194.jpg","2018-07-04 19:03:36","2019-01-22 01:58:11",1254,"400x400","400_1254.png",73929,400,400
193,"https://azulejos-portadas.s3.amazonaws.com/193.jpg","2018-07-04 19:00:14","2019-01-22 01:58:11",7481,"400x400","400_7481.png",92656,400,400
191,"https://azulejos-portadas.s3.amazonaws.com/191.jpg","2018-07-04 18:59:42","2019-01-22 01:58:11",7480,"400x400","400_7480.png",87226,400,400
19,"https://azulejos-portadas.s3.amazonaws.com/19.jpg","2018-06-27 20:14:35","2019-01-22 01:58:11",7352,"400x400","400_7352.png",85608,400,400
189,"https://azulejos-portadas.s3.amazonaws.com/189.jpg","2018-07-04 18:56:38","2019-01-22 01:58:11",1295,"400x400","400_1295.png",28757,400,400
188,"https://azulejos-portadas.s3.amazonaws.com/188.jpg","2018-07-04 18:53:31","2019-01-22 01:58:11",7476,"400x400","400_7476.png",98024,400,400
183,"https://azulejos-portadas.s3.amazonaws.com/183.jpg","2018-07-04 18:49:03","2019-01-22 01:58:11",7472,"400x400","400_7472.png",24872,400,400
182,"https://azulejos-portadas.s3.amazonaws.com/182.jpg","2018-07-04 18:48:06","2019-01-22 01:58:11",NULL,"400x400","400_null.png",39991,400,400
18,"https://azulejos-portadas.s3.amazonaws.com/18.jpg","2018-06-27 19:52:59","2019-01-22 01:58:11",1317,"400x400","400_1317.png",74523,400,400
179,"https://azulejos-portadas.s3.amazonaws.com/179.jpg","2018-07-04 18:46:35","2019-01-22 01:58:11",1423,"400x400","400_1423.png",75761,400,400
178,"https://azulejos-portadas.s3.amazonaws.com/178.jpg","2018-07-04 18:43:30","2019-01-22 01:58:11",7470,"400x400","400_7470.png",82594,400,400
177,"https://azulejos-portadas.s3.amazonaws.com/177.jpg","2018-07-04 18:42:15","2019-01-22 01:58:11",7469,"400x400","400_7469.png",43117,400,400
176,"https://azulejos-portadas.s3.amazonaws.com/176.jpg","2018-07-04 18:41:44","2019-01-22 01:58:11",7468,"400x400","400_7468.png",12551,400,400
175,"https://azulejos-portadas.s3.amazonaws.com/175.jpg","2018-07-04 18:41:04","2019-01-22 01:58:11",NULL,"400x400","400_null.png",38925,400,400
174,"https://azulejos-portadas.s3.amazonaws.com/174.jpg","2018-07-04 18:39:19","2019-01-22 01:58:11",7467,"400x400","400_7467.png",54204,400,400
173,"https://azulejos-portadas.s3.amazonaws.com/173.jpg","2018-07-04 18:37:34","2019-01-22 01:58:11",7466,"400x400","400_7466.png",67787,400,400
172,"https://azulejos-portadas.s3.amazonaws.com/172.jpg","2018-07-04 18:35:32","2019-01-22 01:58:11",7465,"400x400","400_7465.png",88492,400,400
171,"https://azulejos-portadas.s3.amazonaws.com/171.jpg","2018-07-04 18:33:41","2019-01-22 01:58:11",1376,"400x400","400_1376.png",8086,400,400
170,"https://azulejos-portadas.s3.amazonaws.com/170.jpg","2018-07-04 18:29:17","2019-01-22 01:58:11",7463,"400x400","400_7463.png",29814,400,400
169,"https://azulejos-portadas.s3.amazonaws.com/169.jpg","2018-07-04 18:28:01","2019-01-22 01:58:11",1454,"400x400","400_1454.png",53735,400,400
168,"https://azulejos-portadas.s3.amazonaws.com/168.jpg","2018-07-04 18:25:51","2019-01-22 01:58:11",7460,"400x400","400_7460.png",87162,400,400
167,"https://azulejos-portadas.s3.amazonaws.com/167.jpg","2018-07-04 18:23:58","2019-01-22 01:58:11",7459,"400x400","400_7459.png",59923,400,400
166,"https://azulejos-portadas.s3.amazonaws.com/166.jpg","2018-07-04 18:22:09","2019-01-22 01:58:11",7458,"400x400","400_7458.png",84836,400,400
164,"https://azulejos-portadas.s3.amazonaws.com/164.jpg","2018-07-04 18:20:20","2019-01-22 01:58:11",1247,"400x400","400_1247.png",90693,400,400
163,"https://azulejos-portadas.s3.amazonaws.com/163.jpg","2018-07-04 18:17:42","2019-01-22 01:58:11",7457,"400x400","400_7457.png",61479,400,400
162,"https://azulejos-portadas.s3.amazonaws.com/162.jpg","2018-07-04 18:16:48","2019-01-22 01:58:11",7456,"400x400","400_7456.png",36788,400,400
161,"https://azulejos-portadas.s3.amazonaws.com/161.jpg","2018-07-04 18:15:35","2019-01-22 01:58:11",7455,"400x400","400_7455.png",96230,400,400
160,"https://azulejos-portadas.s3.amazonaws.com/160.jpg","2018-07-04 18:14:07","2019-01-22 01:58:11",1371,"400x400","400_1371.png",98875,400,400
16,"https://azulejos-portadas.s3.amazonaws.com/16.jpg","2018-06-27 06:05:08","2019-01-22 01:58:11",3027,"400x400","400_3027.png",18233,400,400
159,"https://azulejos-portadas.s3.amazonaws.com/159.jpg","2018-07-04 18:11:08","2019-01-22 01:58:11",7454,"400x400","400_7454.png",21614,400,400
158,"https://azulejos-portadas.s3.amazonaws.com/158.jpg","2018-07-04 18:08:47","2019-01-22 01:58:11",1445,"400x400","400_1445.png",23464,400,400
157,"https://azulejos-portadas.s3.amazonaws.com/157.jpg","2018-07-04 18:06:13","2019-01-22 01:58:11",7451,"400x400","400_7451.png",25796,400,400
156,"https://azulejos-portadas.s3.amazonaws.com/156.jpg","2018-07-04 18:04:59","2019-01-22 01:58:11",7452,"400x400","400_7452.png",5259,400,400
155,"https://azulejos-portadas.s3.amazonaws.com/155.jpg","2018-07-04 18:04:03","2019-01-22 01:58:11",7453,"400x400","400_7453.png",9108,400,400
154,"https://azulejos-portadas.s3.amazonaws.com/154.jpg","2018-07-04 18:02:57","2019-01-22 01:58:11",1442,"400x400","400_1442.png",42101,400,400
153,"https://azulejos-portadas.s3.amazonaws.com/153.jpg","2018-07-04 18:00:42","2019-01-22 01:58:11",1316,"400x400","400_1316.png",7760,400,400
152,"https://azulejos-portadas.s3.amazonaws.com/152.jpg","2018-07-04 17:59:10","2019-01-22 01:58:11",7450,"400x400","400_7450.png",35175,400,400
151,"https://azulejos-portadas.s3.amazonaws.com/151.jpg","2018-07-04 17:57:46","2019-01-22 01:58:11",7449,"400x400","400_7449.png",79642,400,400
150,"https://azulejos-portadas.s3.amazonaws.com/150.jpg","2018-07-04 17:56:22","2019-01-22 01:58:11",1453,"400x400","400_1453.png",82766,400,400
15,"https://azulejos-portadas.s3.amazonaws.com/15.jpg","2018-06-27 05:56:46","2019-01-22 01:58:11",1802,"400x400","400_1802.png",49004,400,400
149,"https://azulejos-portadas.s3.amazonaws.com/149.jpg","2018-07-04 17:54:03","2019-01-22 01:58:11",7448,"400x400","400_7448.png",40389,400,400
148,"https://azulejos-portadas.s3.amazonaws.com/148.jpg","2018-07-04 17:52:42","2019-01-22 01:58:11",1441,"400x400","400_1441.png",51966,400,400
147,"https://azulejos-portadas.s3.amazonaws.com/147.jpg","2018-07-04 17:49:56","2019-01-22 01:58:11",7447,"400x400","400_7447.png",18154,400,400
146,"https://azulejos-portadas.s3.amazonaws.com/146.jpg","2018-07-04 17:48:59","2019-01-22 01:58:11",7446,"400x400","400_7446.png",32783,400,400
145,"https://azulejos-portadas.s3.amazonaws.com/145.jpg","2018-07-04 17:48:23","2019-01-22 01:58:11",1311,"400x400","400_1311.png",73919,400,400
144,"https://azulejos-portadas.s3.amazonaws.com/144.jpg","2018-07-04 17:42:52","2019-01-22 01:58:11",7444,"400x400","400_7444.png",78838,400,400
143,"https://azulejos-portadas.s3.amazonaws.com/143.jpg","2018-07-04 17:41:13","2019-01-22 01:58:11",7443,"400x400","400_7443.png",36748,400,400
142,"https://azulejos-portadas.s3.amazonaws.com/142.jpg","2018-07-04 17:35:47","2019-01-22 01:58:11",1324,"400x400","400_1324.png",6145,400,400
141,"https://azulejos-portadas.s3.amazonaws.com/141.jpg","2018-07-04 17:32:56","2019-01-22 01:58:11",1451,"400x400","400_1451.png",39956,400,400
140,"https://azulejos-portadas.s3.amazonaws.com/140.jpg","2018-07-04 17:27:18","2019-01-22 01:58:11",7442,"400x400","400_7442.png",42711,400,400
14,"https://azulejos-portadas.s3.amazonaws.com/14.jpg","2018-06-27 00:54:08","2019-01-22 01:58:11",7351,"400x400","400_7351.png",40287,400,400
139,"https://azulejos-portadas.s3.amazonaws.com/139.jpg","2018-07-04 17:26:08","2019-01-22 01:58:11",7441,"400x400","400_7441.png",69461,400,400
138,"https://azulejos-portadas.s3.amazonaws.com/138.jpg","2018-07-04 16:38:00","2019-01-22 01:58:11",7440,"400x400","400_7440.png",74824,400,400
137,"https://azulejos-portadas.s3.amazonaws.com/137.jpg","2018-07-04 16:36:27","2019-01-22 01:58:11",7439,"400x400","400_7439.png",14491,400,400
136,"https://azulejos-portadas.s3.amazonaws.com/136.jpg","2018-07-04 16:34:32","2019-01-22 01:58:11",1370,"400x400","400_1370.png",82372,400,400
135,"https://azulejos-portadas.s3.amazonaws.com/135.jpg","2018-07-04 16:30:29","2019-01-22 01:58:11",NULL,"400x400","400_null.png",65073,400,400
134,"https://azulejos-portadas.s3.amazonaws.com/134.jpg","2018-07-04 16:28:53","2019-01-22 01:58:11",NULL,"400x400","400_null.png",81794,400,400
133,"https://azulejos-portadas.s3.amazonaws.com/133.jpg","2018-07-04 16:26:26","2019-01-22 01:58:11",7437,"400x400","400_7437.png",54853,400,400
132,"https://azulejos-portadas.s3.amazonaws.com/132.jpg","2018-07-04 16:24:09","2019-01-22 01:58:11",1369,"400x400","400_1369.png",7303,400,400
131,"https://azulejos-portadas.s3.amazonaws.com/131.jpg","2018-07-04 16:21:37","2019-01-22 01:58:11",1448,"400x400","400_1448.png",6626,400,400
130,"https://azulejos-portadas.s3.amazonaws.com/130.jpg","2018-07-04 16:19:18","2019-01-22 01:58:11",7436,"400x400","400_7436.png",34542,400,400
13,"https://azulejos-portadas.s3.amazonaws.com/13.jpg","2018-06-27 00:51:49","2019-01-22 01:58:11",1800,"400x400","400_1800.png",89685,400,400
129,"https://azulejos-portadas.s3.amazonaws.com/129.jpg","2018-07-04 16:17:16","2019-01-22 01:58:11",7435,"400x400","400_7435.png",88456,400,400
128,"https://azulejos-portadas.s3.amazonaws.com/128.jpg","2018-07-04 16:13:46","2019-01-22 01:58:11",1438,"400x400","400_1438.png",41342,400,400
127,"https://azulejos-portadas.s3.amazonaws.com/127.jpg","2018-07-04 16:13:46","2019-01-22 01:58:11",1438,"400x400","400_1438.png",65396,400,400
126,"https://azulejos-portadas.s3.amazonaws.com/126.jpg","2018-07-04 16:06:46","2019-01-22 01:58:11",7434,"400x400","400_7434.png",45366,400,400
125,"https://azulejos-portadas.s3.amazonaws.com/125.jpg","2018-07-04 16:03:27","2019-01-22 01:58:11",7433,"400x400","400_7433.png",35326,400,400
124,"https://azulejos-portadas.s3.amazonaws.com/124.jpg","2018-07-04 15:51:02","2019-01-22 01:58:11",1447,"400x400","400_1447.png",12449,400,400
123,"https://azulejos-portadas.s3.amazonaws.com/123.jpg","2018-07-04 15:47:27","2019-01-22 01:58:11",7432,"400x400","400_7432.png",8330,400,400
12,"https://azulejos-portadas.s3.amazonaws.com/12.jpg","2018-06-27 00:41:59","2019-01-22 01:58:11",1696,"400x400","400_1696.png",60895,400,400
117,"https://azulejos-portadas.s3.amazonaws.com/117.jpg","2018-07-03 21:48:32","2019-01-22 01:58:11",7423,"400x400","400_7423.png",48970,400,400
116,"https://azulejos-portadas.s3.amazonaws.com/116.jpg","2018-07-03 21:47:35","2019-01-22 01:58:11",1342,"400x400","400_1342.png",36588,400,400
115,"https://azulejos-portadas.s3.amazonaws.com/115.jpg","2018-07-03 21:46:56","2019-01-22 01:58:11",7422,"400x400","400_7422.png",49673,400,400
114,"https://azulejos-portadas.s3.amazonaws.com/114.jpg","2018-07-03 21:45:15","2019-01-22 01:58:11",7421,"400x400","400_7421.png",76367,400,400
113,"https://azulejos-portadas.s3.amazonaws.com/113.jpg","2018-07-03 21:43:05","2019-01-22 01:58:11",1391,"400x400","400_1391.png",57442,400,400
111,"https://azulejos-portadas.s3.amazonaws.com/111.jpg","2018-07-03 21:37:03","2019-01-22 01:58:11",1403,"400x400","400_1403.png",72284,400,400
110,"https://azulejos-portadas.s3.amazonaws.com/110.jpg","2018-07-03 21:34:38","2019-01-22 01:58:11",1323,"400x400","400_1323.png",11741,400,400
11,"https://azulejos-portadas.s3.amazonaws.com/11.jpg","2018-06-27 00:39:58","2019-01-22 01:58:11",1692,"400x400","400_1692.png",51198,400,400
109,"https://azulejos-portadas.s3.amazonaws.com/109.jpg","2018-07-03 21:34:26","2019-01-22 01:58:11",1455,"400x400","400_1455.png",69706,400,400
107,"https://azulejos-portadas.s3.amazonaws.com/107.jpg","2018-07-03 21:32:35","2019-01-22 01:58:11",7416,"400x400","400_7416.png",65025,400,400
105,"https://azulejos-portadas.s3.amazonaws.com/105.jpg","2018-07-03 21:31:05","2019-01-22 01:58:11",7414,"400x400","400_7414.png",67885,400,400
102,"https://azulejos-portadas.s3.amazonaws.com/102.jpg","2018-07-03 21:26:10","2019-01-22 01:58:11",1362,"400x400","400_1362.png",69158,400,400
101,"https://azulejos-portadas.s3.amazonaws.com/101.jpg","2018-07-03 21:23:04","2019-01-22 01:58:11",1293,"400x400","400_1293.png",38433,400,400
100,"https://azulejos-portadas.s3.amazonaws.com/100.jpg","2018-07-03 21:19:14","2019-01-22 01:58:11",1283,"400x400","400_1283.png",96456,400,400
10,"https://azulejos-portadas.s3.amazonaws.com/10.jpg","2018-06-27 00:39:07","2019-01-22 01:58:11",1694,"400x400","400_1694.png",92802,400,400
